temperature,humidity,wind_speed,carbon_emissions,solar_irradiance,pollution_level
22.49080238,52.41844911,19.59996622,337.1650558,369.0208371,84.72365777
34.01428613,49.97472577,8.690239912,256.6816041,185.3359976,49.45170437
29.63987884,40.56923475,11.93279389,484.0243362,213.7233025,19.54656106
26.97316968,66.43600021,18.26561274,148.5403029,262.6040154,73.66417866
18.12037281,58.59744963,14.64178689,314.5353872,283.2880009,41.86781357
18.11989041,81.94205954,19.77142077,365.0945067,318.0356283,59.46274835
16.16167224,31.92657483,24.22415802,421.5040202,329.9140261,10.72652902
32.32352292,68.63207565,7.330933754,233.1369637,510.1447109,63.15839895
27.02230023,75.77693271,19.19135433,359.1148584,558.6158717,37.35504889
29.16145156,75.56919415,9.606883113,186.4406621,377.9912873,33.41897497
15.41168989,83.16443803,13.28953455,245.9642416,916.5667779,97.99155788
34.39819704,73.74202457,5.657254516,453.032209,597.825751,43.24306428
31.64885282,85.6686037,7.718147646,477.4584242,808.7292352,67.80383781
19.24678221,49.95939599,11.39554578,373.4678061,931.8140492,62.77275356
18.63649934,60.19256501,11.83971611,218.4583508,246.8216031,10.43035509
18.6680902,30.8447798,22.99170433,419.0260055,485.0870353,74.79275371
21.08484486,30.41745524,19.83625819,61.64018678,489.8893615,32.31592034
25.49512863,44.40759723,24.44365936,96.23565974,419.0250254,79.89395492
23.63890037,36.04843183,16.98143021,347.6181814,108.0152799,60.76407826
20.8245828,45.61268208,9.834274642,181.0618589,834.374897,31.709149
27.23705789,40.62259767,11.5531006,478.1237983,200.4033894,35.62929603
17.78987721,31.71120149,11.39671847,246.2272754,995.9325381,73.15073697
20.84289297,84.55824878,11.52988655,243.2141692,795.6626427,55.00593151
22.32723687,30.49338788,18.45928346,355.1357796,622.0090158,66.83510407
24.12139968,74.16492866,15.61615856,395.405853,239.145776,15.83183211
30.70351923,39.12887322,12.70848356,264.0014322,563.8536743,78.69766722
18.99347564,84.73377732,7.981795375,146.3004058,334.9978668,32.03913189
25.28468877,83.56775638,5.442783259,397.9888892,327.0902721,61.98612672
26.84829138,69.23406878,9.376693552,194.1580737,846.5763244,11.46798252
15.92900825,70.33404899,7.149428079,128.7998462,442.5799816,32.14202412
27.15089704,30.32034852,20.70890062,334.2380855,505.6514231,64.88672931
18.41048247,89.09229397,7.249959156,90.70415015,858.668264,27.42061323
16.30103186,82.66995621,19.48456475,487.1087038,179.0115631,88.03121967
33.97771075,83.70637354,12.7131738,334.578769,635.1560678,66.12283994
34.31264066,69.55467222,6.467567795,493.6529844,620.3941132,87.02783933
31.16794696,50.68721572,21.25460099,202.5020406,482.6931123,39.53907023
21.09227538,83.61891895,16.5926114,487.0423225,846.7971773,3.398514262
16.95344228,47.49101569,9.715230257,115.5030115,948.6010552,57.61399634
28.68466053,63.7626926,22.89362349,68.31264756,518.8022757,33.91935027
23.80304987,35.98385834,5.905166277,64.8428272,510.5323459,44.81883759
17.4407647,85.31733781,9.036392164,259.1916668,551.8573567,68.11102139
24.9035382,38.44622747,20.04093856,87.35188887,750.8116277,70.06646671
15.68777042,43.49380834,19.18755861,280.4755479,701.2542616,2.755641487
33.18640804,63.48804949,10.78543387,197.3752266,300.5514543,76.93026728
20.17559963,75.84558001,6.240497507,201.0330466,157.5058137,49.3518915
28.25044569,67.16107836,22.16156144,336.0240484,954.3287168,55.66987733
21.23422152,43.92803477,11.27395276,123.3941028,334.9627838,29.79941852
25.40136042,30.05658255,8.914268299,394.9490167,674.7370162,42.0833786
25.93420559,75.42903482,15.32123645,311.9139139,845.5942025,71.0375134
18.69708911,89.11243955,23.20454399,461.725083,370.2490755,77.67138029
34.39169256,78.59478722,5.870931557,214.1782942,671.8900723,38.71061812
30.50265647,57.61239709,20.31608176,492.2217464,197.110217,69.11175327
33.78997883,84.22603568,16.44946456,309.122441,972.9382999,25.80435017
32.89654701,54.59086039,13.50898233,488.0308803,152.3424475,83.20226652
26.95799958,61.49604505,19.88160888,62.17729432,494.3572065,60.98142389
33.4374847,58.62778604,24.31648849,377.5893451,583.1373179,77.51865161
16.76985004,56.85743236,9.584124223,417.4796859,811.4336008,47.71548523
18.91965725,76.51144616,7.872947301,73.927979,209.0156654,22.9109285
15.90454578,61.60613444,23.2576349,310.5363488,496.7271765,42.92311133
21.50660662,49.00302732,18.37906155,410.8740321,369.7404126,38.14853945
22.77354579,45.48949006,13.75972043,302.4674264,380.8096441,33.27165434
20.42698064,32.26483902,16.46519141,78.71611568,800.9091245,21.21737477
31.57475018,64.99170971,19.9122781,362.0512584,104.9148505,75.91671419
22.13506653,43.79768492,20.46063797,77.2686116,774.1752772,8.635166132
20.61869019,38.88803532,23.39788362,417.8610028,829.3585871,88.75609299
25.85392166,69.22979783,13.53685578,69.36538249,911.2260195,17.50247229
17.8184845,70.87255547,10.8682182,111.8288215,664.1936229,97.98736519
31.04393962,75.12929354,17.79328534,173.7984157,400.1097954,98.84680481
16.49101287,60.21461378,13.31455799,335.0141565,484.5112593,39.83870412
34.73773873,83.64327631,16.89196908,489.3615948,972.7624741,98.78210726
30.44489539,86.1805652,13.39971597,103.0202837,893.0681438,86.90685173
18.97431363,78.44225639,8.059915734,114.2184511,517.1733182,8.243027695
15.11044234,68.13560892,14.38853503,215.9916785,948.7567064,94.73285636
31.30922857,48.22325722,18.81835644,426.298612,840.6593879,4.25143859
29.13714688,88.9766953,20.98567615,260.2539287,910.9808755,18.19142937
29.58014336,46.44817003,14.86652554,194.7247701,714.6795111,58.45955408
30.42540693,42.15941532,8.304757804,302.5417245,871.8886391,8.07371784
16.48089303,56.52924683,13.29375419,167.2354389,902.5895272,16.1727757
22.16931457,33.41043424,20.72587858,230.5219583,182.8149261,95.34917871
17.31738119,88.70966788,13.25718541,199.6723172,968.695279,99.46878849
32.26206852,65.30601338,18.93061587,411.8634601,400.2517889,79.81365418
27.46596254,63.4171255,15.14427363,465.9150769,495.9095586,51.52093915
21.6179605,69.34777679,9.824462502,391.8074865,812.7133833,90.03009357
16.27116701,59.82141887,20.92301016,247.5876092,698.406675,11.18987709
21.21964643,31.92381103,6.684269081,276.9507399,903.7539212,94.28918692
21.50366644,66.73867733,15.49780566,106.2831623,460.5163757,35.15529275
29.59212357,72.97043262,9.177820685,386.08912,435.9593473,86.14893912
27.75114943,55.00494364,6.341312571,318.4140557,128.5199646,66.8373406
32.74425485,75.43773432,15.05867874,456.0979983,516.452839,96.02743041
24.4442985,43.62007796,14.99124312,140.2750146,751.6636933,86.46779478
17.39188492,43.27659546,19.13801803,391.8767549,371.0608459,88.78978136
29.26489574,39.68501926,19.89501386,358.1022478,516.4538623,63.17543561
30.21570097,52.31968559,19.55582977,169.6304902,297.4579916,83.3158531
26.22554395,80.82072212,13.19117466,350.3203878,795.5090253,75.71311508
30.4193436,79.67472373,17.63379574,465.9680213,154.4604052,16.16231309
24.87591193,52.96945248,16.53890485,463.2961945,734.8447495,64.85968914
25.45465659,65.34712416,13.43123512,373.8319585,441.0460106,14.81755465
23.55082037,73.24897899,16.94425388,71.63290064,137.4364624,86.94561219
15.50838253,44.47240648,23.94495753,442.5189518,868.1226286,6.594979934
17.15782854,40.08846515,8.857874874,346.0003732,538.9496769,98.70466702
15.62858371,88.32575959,23.11544192,189.6954139,639.3870727,40.06266661
27.72820823,67.05343879,6.06911028,134.2626628,758.8276224,17.06293537
21.28711962,88.88494331,11.16778426,102.2917383,689.5669897,93.56749837
25.17141382,50.26535923,10.76290497,72.60660467,757.7711837,4.542598623
33.15132948,72.181902,17.52730216,389.3464616,786.0535161,47.01056345
19.98584458,43.35621819,7.624499036,156.1293495,630.2363775,77.02271279
23.20765846,45.67201028,22.64695224,60.91382122,429.0740478,31.67504754
30.11102277,60.71412728,21.57102817,228.7717933,318.8279347,52.88346699
19.57596331,49.17708753,18.04131639,267.1731863,912.612913,70.04130163
16.5395982,40.05729383,14.16827664,126.1536039,972.9323602,95.1976421
20.79502906,45.77284212,23.65912084,69.82175127,421.8964796,10.27026393
18.22442575,32.14490367,21.61493109,135.1064674,201.0796562,15.72267037
33.59395305,72.26541729,14.98630296,355.5962428,300.2835944,50.88708952
31.16240759,59.52699943,19.03746709,87.00965476,703.6006114,41.84749612
27.66807513,35.65458398,16.33859904,299.7666638,255.640033,41.07961607
32.4292118,40.30163959,16.75884477,115.8853946,802.1100458,29.69615029
31.07344154,36.15207229,11.61952139,138.0601281,930.7272159,56.06847985
18.73140118,66.7555685,14.24169209,226.8850475,967.2863636,88.32883362
32.85117997,35.65262182,6.562428616,95.37140122,108.3929554,16.09243405
25.78684484,75.25693998,12.14697383,127.9415763,962.3387485,21.52863295
31.1488031,31.23065516,18.91657031,207.0285852,766.1749772,67.08234978
32.921826,44.96254728,24.06432061,198.3510525,175.645209,5.619765429
21.3600695,83.44000055,24.26128226,387.1721686,473.7164219,67.37641996
17.20103849,73.11187909,16.11445738,83.65203731,730.0409271,31.44561509
19.55870325,34.37809998,17.13244504,437.202831,961.0169434,35.78539314
23.54215577,79.26756627,8.71442371,417.3044768,247.7272543,40.55493738
31.36029532,59.58210729,18.90616216,394.6962379,214.9599537,34.95875615
32.21461167,80.80698163,6.413175853,189.2175631,525.1123479,84.12096213
15.13904261,66.04438647,10.69371372,420.2968035,971.2890044,94.60684574
25.21494605,70.90998192,18.36726695,132.2609361,974.2412937,54.80114753
23.34822006,89.61009362,11.20620263,105.9841426,305.1232669,58.18784988
19.44215621,43.94013276,5.996937482,70.23035007,387.4124332,7.048310801
17.39730735,67.43673449,21.63740819,472.6896634,917.2287871,71.31919284
21.75230343,57.6192834,11.20660014,188.604904,761.3573418,58.4098873
33.85819408,32.36711718,6.262104497,462.9280461,975.0847858,5.039452381
21.46405864,30.86823849,6.49576329,172.6761027,903.8335267,19.84256671
25.37581243,37.15371467,10.03517598,458.4046817,293.5864453,20.19434204
29.06037918,68.94550443,8.560318944,456.7680738,783.7541735,17.09679519
22.27259205,64.02978527,20.48600236,465.6542203,143.7087084,65.86459546
34.43564165,63.20577367,11.43368093,273.2690477,836.0495009,92.84396154
34.2489459,31.91140575,21.0939157,439.6758291,641.4010862,76.29753254
20.03564592,58.15817978,8.476919956,477.8446533,960.4908664,47.73734852
24.94497012,85.47736907,14.85758359,196.0776239,964.0292099,40.4051298
21.0175662,53.85551216,18.76074267,238.4934826,145.7335981,38.64581053
20.69680989,67.49534819,18.03981708,373.6580843,244.469337,60.12469577
15.73773895,76.78912054,17.0225882,185.1619198,535.7863426,35.92206589
27.19128668,77.03551675,23.49643204,389.214189,891.5441725,22.61219712
25.05358046,61.15680494,9.570502954,83.25146535,833.0006281,60.28429066
16.02957502,81.47711672,14.87438409,285.5742729,967.9330237,39.07054134
20.57292928,53.4826856,22.679851,105.0410678,656.2757054,1.412482914
33.16531772,83.32159289,6.557875312,181.9955644,330.9071676,2.223111357
19.79123781,44.41362998,6.117765365,166.3814266,122.5959756,27.41366112
17.89789744,46.81298442,9.666045751,427.5194331,300.6338416,51.24221995
24.78905521,33.18723745,17.66042439,137.0827649,707.7458782,35.42395077
34.71300908,77.73491019,10.19759253,413.8015641,933.647341,2.405515239
19.84110543,55.02331417,8.804797676,407.2821557,388.8133006,22.31517638
28.44271095,43.74699683,14.17604631,274.497375,888.1338973,9.641930867
30.23239231,43.90741666,17.27196138,155.229465,455.4084235,94.86320014
19.75275088,84.08399647,9.97115414,152.103353,377.4441244,31.28340756
29.56432697,80.03499603,11.01382373,259.2160912,557.9598185,1.47663716
22.35566265,63.21185312,17.2711861,53.96405333,498.0461432,66.0563252
27.64611661,66.96664802,23.91476844,289.1078396,922.4198817,23.24479405
27.67059422,58.45953423,18.49483455,478.7507866,521.4312527,56.6736255
25.71549368,53.49999257,20.65808287,119.6180968,349.6018485,15.07454546
16.8057954,84.92861287,12.3362019,308.0055297,858.3090198,98.40132351
31.70604991,37.53676221,10.44508719,482.8004099,998.8745605,97.02591866
21.4156013,55.10680738,14.08535486,437.2349628,683.3542773,65.59833517
18.73037021,50.67371448,21.14265657,432.6710524,325.415232,70.72026218
15.81550283,59.88904322,14.12599284,419.8324687,314.9335693,42.58788913
26.81785886,57.45791247,21.93450818,189.0606227,151.9360266,96.21793454
28.55128724,61.1333719,24.77543961,450.7775741,169.5637347,42.37396204
15.33175658,38.39513863,6.440533315,473.6031581,923.4847857,23.94679974
25.24186117,60.78849009,5.908203122,273.1065905,186.8383963,11.53786096
19.5299155,44.54512883,7.991794058,209.5569713,535.9094634,20.81253003
27.90345581,41.05988094,12.68739351,236.403057,728.3096017,57.22135039
18.48732858,33.89005313,7.620844183,200.3928988,865.3193045,24.50917179
28.81875476,75.75915353,22.41328955,145.5882989,254.1438552,65.42494284
22.73470693,55.64651525,5.462925021,328.3018116,494.0008112,38.21845199
33.73459977,67.598621,11.31585433,303.1685988,326.3321755,88.68729054
17.75041888,73.6556006,8.69389259,258.163282,330.240781,55.84780675
21.82132702,70.75899992,23.6307866,93.13042401,373.4553767,62.26040531
17.26947042,58.23004315,18.3896201,408.6018341,628.404593,55.6559803
33.49387237,53.27391174,23.24060513,128.7201032,114.9197245,88.55687742
32.54678707,52.55759458,24.44657421,101.5529195,467.8896577,6.341956793
20.15883255,68.40292782,14.94196487,330.382128,268.1471217,6.734870709
28.19968092,59.6876613,9.686382161,229.3899626,970.4066577,70.17402449
31.344444,80.94793488,8.874575724,76.91381391,624.4562433,76.7963902
26.10401623,82.48211906,9.458377234,210.0057597,881.2859219,43.35894183
25.59301157,40.23362268,19.17186615,397.3011585,276.1209881,35.23052081
19.83704582,38.17401909,5.808914562,326.8621423,829.0141294,27.79450662
16.86205536,67.82405556,6.027221461,213.2537103,473.3042152,23.43948858
32.94431516,48.07354488,17.16285885,136.3121562,259.92522,91.19585897
33.00836114,31.11424313,17.84114293,334.3080294,785.1206821,29.51395464
27.66202915,83.31856016,18.30525849,449.3998854,785.8099879,64.80787958
21.78059582,43.61404603,12.43761009,340.8227231,996.2991162,78.70947804
21.98419149,85.7568391,21.11889777,415.8067346,802.8435356,2.196657845
29.51911358,73.04606705,15.67249175,284.6875273,230.7405231,3.387414988
32.9422052,75.75920939,7.1093126,373.086998,390.2902676,33.31374046
32.74172849,42.08768975,20.94198614,453.3020482,506.5542256,69.60157443
30.59751092,44.05166554,24.06135573,397.9305402,213.9875251,26.07986353
27.84063292,61.27606523,6.20072626,459.434279,809.235077,0.1483290432
16.6827993,40.32599116,12.82702677,244.012821,574.0286841,28.81478999
18.23257428,48.32590156,14.7503209,456.8991148,950.0046122,9.013081664
32.97108377,49.28774868,7.929415202,329.7052555,630.3773301,21.94133058
27.12858119,39.577796,22.35417896,441.5219447,570.6091754,33.31900007
15.18394103,42.31097,10.6829929,67.7194387,164.2826376,12.80573551
17.02943086,77.31311052,20.6601708,346.0335719,234.4113145,70.63647274
28.27003538,40.03175127,18.41988964,431.5887855,864.5734691,25.5920232
15.10123168,31.70744351,16.96091645,128.3909151,991.60838,66.10947993
18.21616103,67.76129656,8.842856974,347.8041201,473.6612223,59.90328528
25.97467579,88.55898716,9.414070411,421.2296214,829.0774754,89.80454877
28.83790395,49.87282888,5.946968095,179.5772163,664.8271897,8.793317234
28.03922519,37.11934219,9.814248596,232.3608476,963.1533463,21.46081114
19.48538619,64.22323952,11.90887219,306.2829733,314.3235119,86.5178429
29.24358443,84.38125267,21.66290608,283.62546,590.3521687,82.21314564
19.74498175,77.04370679,12.32785333,67.63522687,467.9162365,19.21055572
21.50799396,67.3509521,20.09243566,94.40244414,587.5443783,10.77360119
29.9298281,48.9033898,13.78884563,95.20996069,341.9722751,85.62414646
27.99265798,62.5128104,20.69736624,168.0205575,547.9715464,17.81380568
31.98446821,35.47469048,24.52543201,160.6388508,662.3237321,87.11097061
28.15225785,70.73672546,9.796831161,384.0000727,173.0942956,96.11146994
26.36617207,73.50576113,22.24683224,307.7349737,768.6885293,22.08066386
16.87349536,87.90189737,17.43648173,393.7892381,735.8706668,84.03875999
22.35431606,45.62384152,21.34588523,81.45322583,892.4118413,42.383109
20.30404735,31.10738514,18.03171805,268.3464069,483.2708966,78.87784248
19.87979287,62.73650787,13.47899015,195.6990107,155.5022194,40.7395541
34.4602111,72.40743026,9.561498789,432.4726898,515.3150161,7.039559873
22.86195449,77.42444855,6.400704507,368.5051206,223.8482549,71.26952726
32.8409311,41.62433598,15.71036729,441.1663119,682.7021322,15.06886399
27.62277252,45.70517214,24.80652189,70.89220508,142.4183717,92.70250893
30.89622607,60.75545552,19.7608361,374.3705703,436.5967656,41.7746283
25.05274186,49.8360486,11.54691083,293.0037585,174.5586086,8.200014791
26.53807769,81.6306892,21.544096,421.2500131,103.0297907,22.84800148
24.85035388,58.42560922,20.37968,278.2222659,964.5015015,86.25176175
18.90485976,77.97471865,10.63271587,293.0940851,996.5146132,32.10854696
29.44904231,64.83718563,5.286149796,73.29532142,599.9526564,85.6327995
20.61544725,76.3854085,7.363252771,350.8352893,315.060265,17.22867384
15.48631933,49.96037919,22.54612381,172.912944,919.9891331,46.82181236
27.90944592,79.88499732,21.73126071,58.86226498,930.7329374,87.82594918
18.54221359,46.47433893,10.90418002,79.89672313,869.0580021,4.840483232
33.80917169,62.76592848,10.70390853,480.778524,589.9329861,30.42771828
34.07857154,42.84042679,20.85729974,205.7347803,167.2319448,90.98515894
33.2972878,58.5315913,23.7547494,440.6340329,179.5950348,59.65263277
22.40317401,49.09051257,20.58274514,481.8547553,906.9578089,71.6232131
15.30913233,46.00220584,17.11157354,474.470235,888.2441627,84.21284386
33.56637125,88.01910108,9.853427007,446.7763583,490.9575243,52.35964263
23.56368297,39.60444633,15.51495828,452.6797606,395.3391575,84.5365901
34.33309638,77.23955025,9.670237172,180.05362,679.7115281,63.87645707
34.27239954,89.04989757,21.1602284,118.1614506,826.2891534,68.56504506
32.06018911,31.19408902,12.73922159,337.6681529,758.5164478,15.28544552
20.88897784,71.94164484,21.67394434,269.6475163,654.0426442,93.90188292
22.70195457,45.17470833,12.63218436,94.43602341,308.35994,79.60843504
32.02273343,32.42926946,21.4829881,354.8935922,336.2543823,25.41959961
21.3384401,54.17337474,11.6663563,303.2870034,751.6607333,57.99946664
18.38985493,86.11306861,13.80265409,438.3803304,822.3578672,37.64659049
26.13602525,30.70590566,17.30976839,324.1327081,204.5216693,66.04019988
33.72309548,65.27314152,6.405752281,308.2757809,268.5673429,99.37468432
28.92059593,60.08378872,23.96414124,248.3382755,712.423236,4.574639714
26.4012234,82.40304986,16.47211572,258.2541814,450.0879287,95.2523638
16.94352988,35.04010287,15.15640029,479.4715521,606.9635805,7.239133214
27.30014453,70.89156179,21.78787942,112.3007042,653.3334574,46.07646358
34.801077,70.80658191,22.3152546,250.7984684,798.5831205,48.21092006
17.8016803,70.14480101,15.44520809,345.1222553,825.1452556,26.87244546
25.36659305,86.5400697,23.54524652,244.8547905,352.0866207,56.66992861
32.54746144,79.38525174,6.294755322,177.4470322,587.167056,83.39641463
29.81537236,32.51836357,7.264515845,179.3108168,211.1715448,29.39621812
28.94031482,58.26497104,16.9357646,155.1452208,857.8136518,7.040493765
29.04968168,53.87718337,12.08131724,204.7564403,860.9031445,63.22837006
22.18982302,48.60883327,14.28450332,442.253649,369.5551471,75.17451291
20.87183689,57.08020351,11.56158436,277.3510476,244.5581867,95.45230098
31.18722311,53.0516511,13.09450623,158.1074276,163.0826004,15.95246468
31.20226789,55.94003399,21.45292694,223.0370227,617.4787977,90.13598658
32.34144637,88.75571194,16.869524,97.62368544,182.2852904,48.21234772
33.26481105,35.31797848,24.94689099,456.8160829,712.5353602,23.5758237
25.22684798,85.33385219,20.73758396,233.6890244,710.3137609,96.27484702
25.03032589,58.81420281,10.47332508,491.1760421,652.5886664,23.84292705
30.96590358,67.42453473,10.28690235,206.392448,888.9044517,73.34441857
27.99927862,79.810978,11.7179654,426.3602213,440.4526235,78.48867784
29.03933755,51.62778175,21.86518961,165.373391,912.0426244,43.05190524
30.91585339,55.82531449,5.545753013,84.26880202,133.232832,68.99848447
32.80010684,54.57110882,9.603625577,64.28001275,201.4812891,57.2477075
21.75990314,52.48386135,23.09836841,322.775792,470.9850063,19.20327524
22.51165905,85.5317593,17.79792872,190.2081523,634.5937168,75.98878821
16.8796388,79.73579347,9.53694191,249.5839462,129.138073,92.80161448
26.56560282,36.53999939,9.382899365,418.391166,610.6910243,48.86380547
15.71884548,36.48740115,22.25236204,161.6486386,376.6584848,99.43102541
24.31196036,55.67217089,22.87515017,188.8936145,898.432127,42.79653135
25.85289269,35.9194426,10.12262182,430.4012833,579.9561325,47.97365757
20.73082504,67.14558572,13.41020716,271.743023,629.1045174,67.3897514
26.81666521,38.62149644,21.69191477,422.4493252,951.05963,18.57701442
15.610005,61.34239584,20.42014877,218.5142016,787.753924,90.19460099
15.74696377,30.43319682,21.27832213,229.2664914,494.4459395,80.12727971
31.45201121,48.9957809,15.36796382,125.2122628,529.1916535,87.24172864
22.20381283,70.63144342,23.23098097,462.3556341,683.1314817,60.95585795
17.54121025,59.04233641,11.51903088,453.5526623,280.179295,88.37479612
25.4448652,88.69616916,8.133442687,492.8976566,179.7857564,67.99724873
30.39987106,82.44622776,19.17464665,231.1012072,380.1128644,51.15608998
19.31642055,51.54424674,15.78708832,418.3767238,800.5445181,93.1790804
27.45780952,32.72919249,22.09171538,236.7291793,331.5914189,43.97197688
16.7069493,80.73757801,6.623184982,254.434455,217.6832803,50.05698555
16.03363442,84.67405862,21.87384807,423.4997271,297.1203386,16.95437308
25.62709263,79.23764361,10.86589306,129.8150469,711.0756208,94.76590099
25.81270243,37.67699646,18.09711334,149.1399205,652.553251,22.10528085
27.74859803,89.87490806,5.802575782,191.6277082,719.4834976,20.14159242
29.52182667,45.51505329,17.19162593,404.6805646,389.7623104,10.11946042
34.51704159,73.45229477,19.34543378,217.6931972,910.7705142,45.33594512
25.32600697,84.48209258,12.37500429,211.1756937,506.5933216,27.36145499
21.45912946,44.14122686,9.308214105,499.4673554,562.3417287,74.07810005
30.9037239,84.49551328,15.75261353,222.7127644,953.9271784,30.75216202
20.41664503,48.56889475,21.66381609,161.4967413,981.3495412,72.07702617
23.77942841,88.58479334,11.47094717,330.4461552,695.3884533,19.59610828
16.56912763,46.87560122,10.04938595,410.8459784,950.3318733,22.99658434
15.50701487,87.20614949,10.57870617,81.32352518,587.3566477,80.61741604
34.25296829,33.21267905,23.98264306,328.501504,376.554651,37.10935519
31.71960241,72.5563207,12.18553832,66.08095515,383.5835704,11.17739756
28.91948412,61.92666803,5.072084798,286.8495579,603.0465309,96.14038051
23.17905889,58.67262463,20.63362416,165.6462037,644.5325086,17.73921564
18.4658864,43.40965886,18.98549591,187.988764,495.6553629,15.01971187
18.12874085,72.33574739,7.571365292,260.1931838,895.3943352,35.83820634
20.00485796,41.44856949,24.69808498,467.1983573,484.0265068,9.563376923
25.98453329,63.17050776,17.16124571,369.800288,346.0812823,15.5616376
29.29191845,45.19472178,15.01558982,471.5805183,107.1836905,84.64445975
28.20394753,87.33728279,12.64438535,346.9869521,973.5123503,17.15068557
20.59867794,31.71787163,22.97345511,53.19848619,841.8819548,11.14268137
34.09730561,41.98369681,9.879269628,169.5133388,654.0036262,87.99575369
29.75793833,44.53863638,10.715378,457.59766,847.4880285,44.37965081
26.08708105,54.84406955,7.448216134,339.5504844,829.2603072,15.71629414
27.23441492,43.96381451,20.18238191,491.7412565,938.6657022,58.15174305
23.39200125,59.48094542,16.91098561,120.1838086,447.460915,4.150583988
19.95461979,82.3479314,17.18132339,183.5365249,599.3670179,42.73825546
22.11945357,72.72380528,9.36940862,213.0654468,188.7652213,59.03138264
30.15692221,64.79771883,18.02336778,196.9510182,968.7838831,95.71200303
15.28786977,35.34019068,20.30916894,163.3961886,986.6143624,32.64647638
17.32145281,71.6395265,12.15777061,249.5595721,810.1758231,76.50510965
15.92005284,39.98485706,21.02694288,339.0341555,508.7088848,13.26998139
15.81457605,77.18204316,11.97581177,190.0656153,546.9100758,43.358235
32.10921168,45.00340551,20.16276923,85.86496549,491.8302397,22.31347299
29.07315719,55.0229237,5.674602149,368.8396371,363.9795729,49.24678359
24.48347658,51.02821214,16.02329203,256.5574501,575.012265,41.72318589
16.95668321,81.52883488,24.39053121,300.4170377,148.1005626,97.978505
24.8323175,37.59266752,24.62489201,254.9302957,992.6983557,91.74979979
24.46943542,63.93869294,10.63505157,450.6608766,481.6451216,58.22058997
18.4640374,38.52369657,13.82798182,301.4352487,934.6299256,17.65097779
23.67703298,72.28775017,6.25955816,465.4745779,751.8443146,55.69569914
22.97009469,84.30468767,22.46682615,279.7589037,360.9486252,79.20822783
27.31700196,56.07645923,16.37144306,181.664673,299.8473564,3.802711198
27.70187302,59.28553562,12.70201358,209.9491642,996.1078904,43.40293487
15.9060802,85.64537019,7.25541117,284.9581821,794.9137195,4.264691483
22.49225229,61.25948332,23.93534571,288.495247,324.6953267,24.39579375
27.51719831,59.25590628,15.60438096,359.3019657,160.7005434,9.21146596
25.06272517,64.69974616,10.65855858,151.0226925,727.2248908,96.05782822
32.12979682,71.35378418,12.0043026,346.479305,372.7148111,16.88286528
28.17387263,36.41300251,10.41394362,400.3646038,299.1977314,15.01038823
18.25868854,79.26663166,17.03619618,354.4663953,761.4436736,97.20549665
16.41137495,56.13030165,23.59927152,266.8226494,711.3351904,51.59672903
27.84838556,34.34091059,22.13387607,496.256293,533.2714073,75.79850314
15.53022621,77.17096015,14.20761751,232.1659216,948.3903395,32.73146512
26.71551163,52.6169983,21.52998725,97.96577656,711.6745295,53.28607059
33.80460483,36.02204971,13.46210963,419.6768969,904.0776046,0.6853712078
26.50948356,68.02674237,10.04614282,145.4905485,271.4976481,40.88184714
22.76339852,82.80788121,24.66830231,370.9785078,366.9813191,55.50897864
27.86576437,83.26521056,11.07775136,130.5393272,194.0681203,51.44101635
24.16505781,87.45980849,11.47448462,57.59482589,374.1219981,40.58196872
25.91233579,82.06232759,24.79385736,121.9093717,974.6004963,78.79076637
33.82929618,30.12845516,7.678549863,219.6449135,966.5706215,50.16408267
22.72205276,52.81446998,20.21067976,97.97821121,784.3477191,63.61205236
34.22381128,79.11255479,23.71625517,138.9555879,568.9434365,18.46211316
33.10701284,51.97518036,15.23589989,394.081825,802.7018189,86.15000964
18.9158227,66.09291038,5.050435234,396.4476236,598.1382561,36.28361819
16.38722602,66.37901684,12.50117888,417.8697022,103.1576542,48.21036333
17.01556003,51.90151824,7.231379848,428.5198564,551.3923665,35.21947798
15.36443651,84.26843564,13.32375322,239.1961526,639.0311014,89.1907176
16.88885922,60.19370072,20.80053523,440.3973473,339.1735218,90.0740147
28.66013547,57.88705236,13.77423098,286.6715938,282.9642078,22.42843446
16.42377297,89.85082474,13.63850243,261.7687026,346.4281853,75.27145558
21.37951261,59.61002184,16.13578954,373.341348,661.2649746,10.28835457
31.89750622,40.70389512,16.63381169,146.2182851,231.4577034,2.985035331
15.46543871,60.78416537,22.12592618,405.2738196,748.2954712,83.65841135
31.28936965,78.84100413,11.16710878,243.259622,480.4073389,13.11781455
20.6370955,76.61161961,21.43342529,107.2829363,418.0130733,15.47827179
17.36329655,77.31490591,16.31867497,103.6903611,826.5081625,60.65882593
28.93474331,72.48142704,11.01059099,124.2080347,555.4569245,81.67685165
27.57885694,45.25306974,10.90252088,450.7577304,440.5605051,18.960092
32.54944027,81.72504515,12.22275034,495.92202,890.339244,11.41922347
29.70142088,83.60660792,17.45386485,210.6382096,431.426469,7.73223455
31.06961861,41.6491618,9.616234627,181.4647335,873.1002546,2.484641159
20.64069145,37.82733819,23.40667123,148.4469377,553.7788286,11.64791499
18.54879088,88.53629812,16.49825168,420.7174147,287.2063877,94.26919096
30.01229503,82.09943782,23.40031554,144.1433671,651.5363693,9.528251258
31.13669479,83.59416883,5.928087172,465.8405585,356.7911736,59.75589741
34.81010284,83.18258308,11.85222741,350.3076705,232.439619,92.09663889
23.25235354,62.50120944,5.456153214,453.7075063,177.8764343,62.78201408
22.44036172,68.7841042,10.4450363,299.3044345,317.5276022,3.274575452
30.52825921,62.72177113,22.24012945,360.805938,762.8991778,59.64138072
21.81607081,33.07238095,5.732194317,328.7561453,854.1993001,90.30653068
33.61514651,74.73018512,13.722942,424.0379553,875.5487614,32.25590351
32.16825504,60.319922,7.351341409,426.137365,343.1334463,31.36279296
23.57988055,68.86254449,13.33681319,315.4068499,694.8756397,24.88635887
30.01742136,60.1583883,21.77703169,334.6284422,307.3186539,50.55445869
30.09085748,59.50867934,17.46142067,464.8441642,660.4859026,23.79428461
17.06247738,40.30734657,19.73512691,468.4399178,898.4898937,72.37887714
33.05105813,46.72282291,11.98208231,348.9124028,136.8043143,64.48617474
25.10504745,39.53116152,23.8879539,53.48942518,986.703101,40.07736154
31.52914932,41.73997774,19.18524188,96.98504664,844.3790897,72.25550578
21.40099202,88.37864283,13.43597639,436.0741393,785.4959047,9.849630644
32.91046457,39.18680675,13.529296,88.12135237,722.2266043,74.95284034
22.78403357,46.15622546,23.37368356,146.0836314,793.2465,60.29081816
15.21675303,65.43537946,16.52809387,153.7460061,995.1358204,63.00828757
33.10763953,66.61071457,19.1275842,320.1056464,793.1721674,6.466370022
16.82573354,39.23844778,13.34070449,309.484759,416.4407062,61.81350117
21.38627275,77.62304555,9.473855295,180.2378855,652.5296676,49.41220238
34.00123934,77.11217207,19.47118584,143.4251145,403.2307145,48.58625023
34.01214294,44.23906225,17.15647544,394.0394134,973.0588989,32.18533998
26.46875776,47.31997816,15.02685761,470.95527,910.1257595,0.761388334
27.63674424,86.27927193,17.4804188,73.76255596,610.8582047,42.26374
23.96891044,79.54028676,9.165711721,109.9312082,803.146379,40.09162242
20.86421543,71.86782198,20.87877413,338.9737949,918.7182487,42.28054073
21.57329091,34.93399329,23.9632561,411.9986533,319.2402373,61.19940066
28.45036912,55.09584485,22.82206288,406.0349009,621.5336712,29.99062143
30.04749059,63.55811232,11.42871491,373.8574189,533.5446873,26.93834492
30.83158087,41.24467728,13.12011547,449.3425795,794.4322194,49.77812795
30.79236286,56.89359493,21.168046,147.8069958,441.1742692,59.2317676
16.82412206,66.06155265,16.90234262,98.28092592,738.0816757,56.73284267
24.88840609,49.64260081,15.95828887,326.9133365,462.6937801,88.16417341
16.1511752,76.85668914,23.53283935,420.0241512,199.9673782,76.91440583
25.99057765,80.4269749,15.72049922,311.9196103,196.4092884,5.218989638
23.83061003,49.41656817,15.29877359,483.3488694,207.1506921,56.34754151
32.75408366,80.31942927,5.840371825,408.0040076,129.2678883,41.78142095
22.01830025,36.21459397,6.388339172,365.3563104,579.6758544,36.10512934
17.34134033,80.26374592,5.148406158,77.11578089,704.7124138,95.78959061
17.85983364,39.1650259,23.26488452,98.48400743,214.0555616,45.67957825
30.23021263,34.97562915,13.1677332,403.1769347,650.6722002,71.9434895
27.36436127,68.50652427,14.37122752,139.2070665,637.9660704,96.708697
17.02245352,58.31624195,21.90773895,62.97582924,232.3846463,15.10001359
16.68213612,84.47343602,17.18492621,459.8423086,463.67434,5.461626215
29.01938263,51.79135177,17.19003193,450.8624182,779.6221388,31.36202294
16.45526013,47.22913581,10.93068859,148.3177223,115.080423,4.444426535
31.43720119,60.04409437,21.67816748,401.0928161,232.2530955,11.67646113
29.12484454,57.35677115,8.316599521,71.59084755,996.2455369,99.17098225
16.62697561,50.66568277,6.062991843,178.2761017,760.1904074,96.01789048
16.69675428,71.62447792,8.83206715,330.6501087,517.7172513,69.1292659
34.73279157,75.57371003,10.35474438,393.4305483,666.8212709,75.29869996
22.48541592,81.17903814,10.64622116,54.67963495,861.5988735,14.04920776
22.41284294,88.37139628,18.41027197,196.793876,858.074127,59.5235576
31.25599135,45.99937153,9.356491747,146.455502,392.2312919,15.44127444
33.94497155,72.96560895,18.53316609,499.4511826,542.1622803,37.83861561
34.72002128,53.65549413,6.822643465,351.9420046,674.2495868,34.53450254
30.06756371,70.62491832,7.944049222,232.5521538,164.7072249,61.39604612
22.52519171,58.55890142,15.17642897,84.04367089,951.2169395,7.969310878
16.67001433,89.62638617,23.43791605,319.4016159,489.4676431,10.34620699
30.54293832,73.73412815,22.19135178,338.7656619,433.7760945,60.99319242
26.16808499,87.14947803,24.37506885,417.3826674,916.3903253,63.61176569
23.48444018,80.09817297,18.00958131,179.8595838,206.4579839,33.98824252
33.1270877,84.17406067,18.51629733,491.6426362,135.3347176,14.68711278
17.22394965,78.86515183,17.50045998,247.7595827,716.5021711,88.60799158
24.85250209,57.54954782,17.45637846,183.1746896,446.5026713,5.294879784
15.2270729,45.1073072,7.942406901,206.8022003,788.0282279,71.73755176
24.37321284,52.21921053,15.87477912,283.8137238,161.6901504,14.00447181
16.12606551,31.21417396,12.72135867,471.515704,445.3814292,63.73739084
17.37635833,61.43959005,13.85074432,380.8214591,311.7926908,66.36558469
17.35052494,60.30346802,15.47201146,309.6993423,765.6458797,80.4259637
27.98420604,61.51502789,7.567923436,123.2646746,304.4530994,39.50250823
29.92089759,88.4418735,12.18975468,117.2089899,512.1508013,2.179646823
26.6673753,84.68724021,6.268991218,275.9886112,836.989796,81.1049386
34.24345097,39.7027667,24.59336261,377.9189171,923.8514819,44.40680194
22.49741159,52.13295129,7.370560576,387.9554777,750.3452143,84.70898196
20.71424173,55.43737077,10.17049477,151.6614727,486.3055704,77.59849497
32.37198256,51.63197507,22.82585853,95.04478078,614.7872873,49.83068212
19.47191677,77.90975782,14.65420092,223.0074452,720.7209524,99.9399409
34.26445079,61.44226019,7.71274403,463.1776445,887.4393639,46.2075077
15.24308949,64.32598902,12.68461076,295.4152637,899.7165863,69.650462
34.39757653,81.18081354,7.317359884,194.0448951,937.8725423,66.98038199
15.86319824,78.3556892,9.004319942,195.6369508,829.639989,51.8066715
32.82286227,37.93269137,6.040596939,109.4391703,232.1181423,58.5350289
25.55402218,72.83487505,13.76454989,262.9506812,772.87558,79.86087618
34.85929592,56.12616773,21.13272243,406.1132053,833.1331362,57.16132678
16.47593129,47.67893418,16.71938357,485.8514112,890.0842849,45.01483053
26.07708569,33.00112925,17.12690611,275.71775,932.3352052,66.20824746
34.38605071,59.23497362,9.011680602,125.2467121,558.2438322,3.550903537
25.46195688,51.32620084,11.87787687,357.3276799,689.5834256,10.9193875
27.58797276,45.09078238,21.90484208,390.5561042,108.597499,12.542638
28.91497378,71.68030378,6.757123687,82.26488724,615.5052109,42.57676635
24.0908213,76.16912324,22.15861307,432.5626083,525.878543,87.17752399
27.5511616,44.68737114,14.67380053,423.1950755,966.0754402,64.32945978
26.68628624,32.9668462,21.74294863,262.6434743,911.5383687,97.26184788
33.02316021,80.92516203,11.36012839,302.1901334,817.8435365,3.994096939
15.90892761,30.59758447,11.77685903,371.0336287,151.2947661,72.20070449
20.61926379,86.22674964,20.03209737,354.5366563,461.8259581,31.42015574
34.00822968,67.65719244,20.69992347,57.44119019,726.438,2.328543641
32.80527568,49.31079811,9.59289356,105.0958867,126.6946692,82.59266899
24.11313506,44.78867457,24.4574265,123.1657501,312.2324126,16.26935434
27.40265196,30.54033986,6.689802085,390.0541501,898.7564711,21.40749098
20.54762366,44.12828502,6.370059262,248.0376033,216.8026906,34.04658587
18.76242319,38.26369809,16.91008431,295.4761819,146.2361539,78.83571169
24.2739681,66.72997324,19.45481536,397.7093466,622.5271807,62.45905792
22.06704456,39.99273532,24.21772258,203.4420211,951.8181539,26.48611358
26.67312224,61.71779025,13.09891562,387.0006023,851.1622659,16.84893383
16.55469274,65.40698534,5.50582818,249.0346736,977.2952542,10.9548237
34.48789615,47.8825019,17.05792679,219.7310845,778.1708383,14.9816573
34.72421489,32.10389694,10.79392041,199.8667688,493.6327967,86.81451531
28.96323428,32.23523284,13.65894242,484.225167,951.9547956,92.26833731
25.72192733,31.58083993,14.76938964,397.3880348,483.9699506,96.79578076
21.19055233,74.34748003,6.290252215,59.08817335,415.0851547,83.47318845
31.27590039,49.08058229,14.71963569,480.8369689,503.376326,88.7390325
28.69462345,77.77801116,13.52639334,398.9478334,832.5765589,81.61035005
18.25233879,55.90396943,19.25088531,117.1286215,925.9241949,95.8055769
33.21854369,57.17988605,17.91331822,84.35215644,421.913899,84.56509415
31.45074486,60.77295615,8.704314363,188.6873421,516.0227109,46.20026816
33.99599827,72.78188738,9.122778364,330.8816882,908.494591,32.32543144
29.51439017,46.41017195,10.02012358,327.4460101,142.3392981,58.42118889
27.26830392,37.29524097,8.579008806,174.1325563,805.4818247,60.81833278
23.36486073,63.36344011,18.14426399,250.5537404,508.7959824,57.49145389
33.65456967,49.61865739,24.88860358,145.3505701,438.8665159,70.67263427
32.32127779,56.54947882,18.04216681,72.76040833,502.2291627,69.89765789
15.9043734,68.8168025,17.13363092,282.6367103,476.821608,8.719428392
15.52733949,59.64754447,13.19855867,206.1460104,780.9567564,28.55224517
22.52926734,67.21672903,11.25160518,294.2970945,935.15277,88.98601874
31.21106662,62.65200013,23.22147514,475.9282951,542.3102429,59.0035054
34.74552259,74.38778232,24.38003748,114.5166403,849.4604072,32.85246982
18.00833782,72.35619706,14.93552351,50.88290824,758.7500821,85.04586496
26.88261431,62.05139351,10.80400991,84.59519598,397.612707,24.90422856
22.61781713,70.73418125,20.40244415,258.2187332,628.5824331,40.91998644
34.39828796,82.41357614,7.649135817,368.1194134,700.1341075,27.62547717
31.84237846,55.93627727,20.31176475,311.3436215,121.1494347,87.13499238
31.76657409,54.76578436,21.37896749,272.7025733,456.3599961,72.82886868
24.3738632,75.85473725,7.498078893,209.283409,993.3743583,46.02256446
23.29639005,64.95323022,24.53722938,189.4883772,673.5307844,93.23008325
20.46814144,34.26040681,24.71024581,219.3287788,400.8196624,92.74447805
16.12750993,83.52672094,23.73438959,325.2357293,325.0216355,71.15250262
32.29444753,31.84698613,14.92069619,125.4892801,288.5334419,89.19936332
31.25802018,74.90378137,9.921482846,397.1129374,461.4772681,71.93931214
34.99435347,75.52764856,16.64018562,308.863958,273.9391215,62.82118675
34.93273674,87.18666512,13.39867677,171.1203699,221.6675638,42.07830179
26.10863411,33.2480645,9.118972894,275.5188333,427.656956,27.34697621
30.3797483,65.81141165,13.47352819,483.2504095,646.2997234,6.025735868
33.8953146,55.67043424,18.27779671,59.22118812,231.7592639,80.08699715
31.99294781,49.83797729,6.418266216,139.7851884,139.9089465,12.21630808
19.94696203,35.41911362,11.66836003,251.771108,131.1695363,41.03492407
24.01088271,63.75924718,5.3558978,337.2978748,340.6458272,23.46342142
17.5831883,58.74244354,19.98991011,145.5027198,271.1190615,45.46262991
34.08102055,36.27326749,17.81382535,469.1317768,585.3298243,31.49838255
27.12349269,66.74937043,6.253442694,339.1574056,510.1481683,82.96938463
19.57285611,74.27718722,24.29475119,444.844377,392.2899529,97.81785612
28.43401369,76.03669806,5.452431143,198.1930686,850.1885507,94.15547758
27.36256481,84.3223913,16.79921293,423.0292704,554.4522937,62.23699188
22.16325436,54.56824451,20.52734924,220.1986476,182.3769929,97.92765475
17.27115184,87.18436612,20.75792626,163.7382976,366.1879187,40.07226582
28.43146391,81.9257643,5.685702712,460.2449026,976.0053396,52.24874439
25.40615402,47.79009426,23.12830265,91.49831406,979.2795887,25.68498321
30.44636783,39.55698224,23.36903344,474.2999582,329.204472,89.79825321
25.40327002,56.12336377,16.22780746,256.3318426,250.5125159,17.97091211
32.04363001,54.11392248,14.64166398,496.6814631,546.1193316,61.04874733
26.03813678,64.54315832,5.897349261,292.8175942,533.3184264,79.94541187
26.21875943,65.00317394,16.23908285,390.8696774,469.1239185,59.53987468
32.53307205,74.99921906,13.18758164,53.18195735,576.4215047,7.877521787
23.06965732,60.59339689,20.45612815,273.500069,308.9758407,61.14468787
17.68030457,36.28935846,13.07767134,381.8540622,203.4364074,76.70793221
15.57565353,81.49748013,18.67161667,402.272159,613.4153126,18.78281589
30.10274511,48.58587499,7.028162925,121.1218622,939.3381971,73.6952856
27.40619103,88.27784762,7.659045415,238.5369277,223.974349,87.85777081
29.08159536,37.07160652,7.794203813,238.5823812,734.3332518,98.64584947
19.25928323,87.49507033,5.910509996,96.63836382,494.1070186,41.00592638
17.72742951,35.46070841,15.82657719,249.3704785,364.5789308,2.516238257
15.29089331,43.86216828,20.87935452,413.1918314,867.7982966,41.90790004
22.01175118,32.79479653,17.20822407,185.0813319,510.8425251,66.02278402
26.79835374,72.3067888,16.49909771,244.6585349,624.9808127,89.13650379
22.8448809,81.01792419,18.61247857,482.4314083,498.7506582,93.81057923
23.74949844,56.04426491,11.79290646,64.26863415,173.1246235,90.9575787
33.08317389,85.7113245,12.23908143,316.1847956,635.4142182,65.79597725
21.96510934,65.41794431,11.28540196,384.5462413,476.9568775,68.25230426
25.27978978,67.80042813,19.24217866,392.3970953,178.0809455,0.2383807162
30.67306025,80.7251521,8.232806713,372.1721112,636.230561,36.37312434
22.93085565,47.8080123,5.260505606,376.9031496,108.8838388,90.68562361
27.441734,51.25594328,16.92392893,76.55569955,287.6683494,68.96176642
32.24727417,84.35711515,23.84762729,290.3614786,802.9625832,46.79207511
33.99041247,84.05780976,17.18815834,402.3360822,134.1346824,10.42524149
17.94146962,88.58896657,20.65843306,92.32927207,682.0138882,24.63166659
33.5317525,84.11029899,18.45581419,55.42246507,954.7362516,55.49225178
24.84232586,37.64232216,14.94873307,416.5528242,254.0732124,89.75015136
20.16488777,79.42345717,19.36784804,370.5324744,475.4006742,9.581234765
24.18271512,54.59030869,21.48208248,235.4928876,617.9479276,15.37554444
34.60065151,89.44808136,9.494632883,473.1783947,505.3742549,65.50050764
24.85236188,58.33685786,11.72260961,394.9691426,658.3399176,29.41497315
21.57503221,63.23016495,9.47451465,485.5374237,463.6877727,16.97037915
27.66801709,61.78649492,14.04345911,468.1918668,233.6537161,17.84359651
19.80291238,49.30422179,22.70129102,266.5821213,180.1399238,49.26132261
16.51726656,34.50132533,11.90414202,389.6190404,769.9988406,58.3744256
17.57759444,83.73907382,12.48933778,351.136125,314.7615546,90.43494667
17.56091678,78.16054875,22.20734469,415.1503445,862.7052815,52.98171889
18.03805387,38.37160683,15.30748661,404.459781,768.7245194,69.12735815
17.77654345,76.60609628,15.70897999,118.9543865,144.5078659,18.06859527
27.8174949,67.55079996,22.21602407,155.1809893,281.0900054,71.34602869
18.63760169,54.54862728,14.81053474,169.5792097,362.7933909,64.86935889
21.91334567,45.24126895,18.63115069,418.3243516,635.0340239,21.61820625
32.9357682,81.58372701,6.712893317,414.8337668,828.8443003,66.93774651
24.47923281,72.01129556,8.572634263,272.9009061,154.2999296,21.14920443
28.35115477,62.86439457,13.08752401,311.3745167,324.6480567,59.35777751
18.44639742,66.57411203,14.89678136,422.1149688,438.5887861,66.88497046
18.84578038,35.46397092,24.31467402,190.6671203,265.0394391,69.33505445
15.81737233,58.43518565,24.41303266,72.58044961,590.7628878,90.92665927
18.37870126,41.62201757,22.02394175,267.1683972,530.2022314,94.7837355
20.57180678,42.50302074,11.31197671,461.1727147,384.8460778,81.01979524
18.54020969,69.67823774,24.28056582,405.7107174,565.1981982,87.87481132
16.77405068,84.67536911,18.78681729,214.9777864,420.2394079,1.932888311
17.41271742,54.22539663,12.85880256,79.14711222,408.8746607,36.26681087
24.21557536,42.46495638,19.03349834,336.6137774,338.8559728,3.972221449
19.12667437,68.92481623,5.330454596,425.5208581,586.3941409,22.48453574
22.28539722,82.27122278,7.923093645,349.2268549,499.703855,38.17243228
25.06834542,74.89912807,21.59371423,241.2835991,276.6923057,86.75755101
28.80789657,82.12543383,17.91147274,105.5091259,111.6696348,51.17540862
15.7862428,62.19328026,12.28389403,459.8484099,235.8365866,64.88610511
30.98820798,75.11257466,15.0133328,174.1812466,138.5511413,36.28155947
27.55800779,38.40387356,23.10284299,150.9291664,488.4389503,60.29159068
16.63518064,50.89647692,17.63156219,417.1894995,302.5871685,81.55364989
32.47157248,53.37294987,12.96298568,491.5489724,478.4097993,30.1241382
33.41744801,60.67774477,7.406533148,347.0721164,396.504886,93.2256698
16.2215592,85.74458162,10.87493603,331.1647201,584.2133296,21.33134959
20.53755296,82.45779361,24.56680466,193.7438911,751.4801459,91.93013065
31.1240256,38.07152954,13.74726126,59.18605281,531.3825443,2.829754535
29.96519381,40.36737911,14.43678928,136.3090396,155.7712548,54.27522777
18.69042039,51.45843298,14.97196065,312.9936965,115.7594333,98.51729028
19.18698647,47.44463195,22.68208046,118.0924078,291.9080496,60.97787268
22.40944206,66.88625719,17.07856569,447.7261131,482.4707601,55.4861623
24.6904597,84.16656287,18.87354073,134.6651095,140.4145258,68.24702468
27.36509543,87.7374925,12.78827085,284.9470039,394.9604244,28.93022478
22.37827279,69.21617715,5.581752372,280.4059606,898.3231371,5.391533908
24.25069432,80.28955208,23.61945828,321.7755336,181.0171197,25.10642492
29.94941876,61.51213201,23.98255362,197.3453314,953.6648588,17.62471672
15.73366406,42.49961681,23.98306107,443.0903905,871.004598,92.35692368
20.04873889,61.48130473,23.87374173,249.9356912,848.6030404,85.22620287
29.26699172,63.30495609,21.30483882,365.0691104,877.2926598,31.77138836
32.90413675,74.54745385,18.691921,336.1598874,172.0452387,83.60693063
25.23354884,43.19297938,21.89019837,102.7202374,236.0512846,21.17526886
25.64226971,52.09862293,17.01092478,330.1877087,220.9351839,19.95792537
17.14344023,51.84164815,7.687392278,297.8162051,200.1176297,76.7535429
23.94824734,87.56637574,12.8243633,454.3718285,394.9400976,32.69306126
25.65234533,56.63669762,24.42589824,446.3944864,847.1951947,6.479263942
19.84941007,75.30563804,12.02275627,117.9296543,326.7659293,71.99865809
20.38486462,75.04868288,22.35655827,86.75831551,319.7995111,98.96013801
22.54568326,45.93265109,6.864229415,182.5664986,708.2998817,56.59777148
15.40142396,64.31218136,11.68367685,493.9757855,187.2325919,26.36675753
21.44158331,83.6581736,12.01906649,59.70819938,424.2519931,37.29056937
19.22896014,58.51186317,6.032050862,352.8015078,365.8836762,64.86495586
21.54994704,86.70705044,7.381886604,323.8311802,862.5707777,70.13796122
17.39524264,42.86749376,8.863304222,340.9602262,563.0511499,88.63322229
32.81054561,34.44954635,21.75631182,148.2286504,681.8262077,90.88353723
26.87184907,83.48723239,6.268039799,152.0228056,216.1309044,86.12785122
28.58204638,80.86087188,10.97401803,243.788937,936.0264345,64.84909262
30.78342477,89.55539256,5.203500052,93.13601318,390.2069387,44.98523698
24.96884398,70.76360929,18.91255491,83.57594406,736.1549541,67.93054844
16.73840576,86.2012756,17.4060618,89.76175407,959.1635619,66.65654574
25.74213084,79.61694151,17.89964524,307.8406271,557.7839755,21.79829213
26.73682236,80.66557999,12.48765569,228.9838356,556.7817329,50.75536294
29.90878948,64.14849423,9.165356425,182.1275513,205.5244812,20.82147639
23.63319092,52.94187588,19.40640427,192.1187208,451.2480008,89.9123781
17.55160606,86.07348435,21.22235745,143.2774876,867.218445,32.32479086
20.67551812,55.92703054,7.772029962,235.1774009,221.5958564,80.54259891
22.26164593,62.32916203,14.73658856,141.3761311,925.7537175,37.72270649
27.91834483,56.76685843,9.97431364,364.120719,700.5784729,76.37361416
26.41556609,63.88909884,8.362137224,105.7696307,478.8638516,22.09124549
22.12193452,58.23030474,19.68650627,476.7089381,591.8485767,76.37432175
34.73030498,32.87805351,15.76193871,90.41852306,235.446947,17.95320345
27.11549639,82.92289116,9.323706648,474.5573214,295.7349638,49.08175403
19.74453583,56.66362913,11.20000022,424.9827372,357.7675844,11.36267448
17.03564945,65.33661891,24.33307343,356.3204543,446.3615064,52.78980808
18.05718278,38.35126817,21.97359129,460.535745,923.9697955,82.07143501
19.91915457,30.20327088,22.59893486,112.6484571,430.8121225,75.55469525
18.21362747,44.71740562,14.20024194,129.3416484,571.4517163,5.071521534
18.73134048,72.27516193,17.47614528,163.4686664,245.8235453,49.21775713
20.70190337,35.95167181,12.5353548,160.165187,762.3758809,85.22253104
18.46747191,84.53324642,6.554239514,189.8817219,604.2527642,65.01034903
32.93530849,42.90135416,13.02138621,309.0339042,495.9167122,5.920131902
16.60467491,42.27561686,16.87961506,62.67767509,952.467819,32.56320234
25.49022779,40.8904777,10.74288542,222.0226678,901.5857597,55.65868887
23.20793654,30.83890278,21.95901149,160.8733076,693.5601451,17.26514752
34.64757234,76.30832811,8.022003183,322.9834316,929.6311655,68.19140672
17.24077804,82.50207187,12.34258179,493.326199,608.3036154,63.48464094
22.95711198,66.84976216,7.498078106,282.9445755,844.2434365,20.24442802
34.38940867,41.2919989,13.09664268,241.5583576,468.5141478,55.03979648
32.31014252,47.11667982,5.793226099,215.7095953,178.0697722,81.17185559
31.34144142,58.55560184,10.4509879,403.2271485,994.7337306,37.48266998
20.15805654,87.2607571,13.0147051,82.39141924,249.0683687,24.6986575
18.41775175,44.84108231,14.56330727,481.8967315,326.3590353,70.12205735
28.3728644,73.89875424,15.87392717,238.0630487,246.7930505,7.080431401
33.58751978,56.3668934,10.4998226,191.1653266,403.7315662,83.26738071
26.13525786,47.8708409,15.46082669,488.3306524,360.3521204,94.34589673
26.43225379,57.35495622,15.18009243,471.1454885,640.9920237,96.47870052
20.59958187,34.27240305,11.32356102,338.8703629,996.814013,43.25387543
30.38985866,77.92124226,21.60400661,58.32831868,147.2581499,62.3202841
18.74087497,44.59811568,15.91282253,386.8407393,800.598802,85.73645575
21.47358473,73.52472739,11.64539437,201.00083,215.192732,22.342399
23.50872877,34.10090229,23.94677024,224.7261039,117.8515222,2.770266876
25.15220757,87.30591337,21.90224826,121.433958,674.7191381,38.45662325
19.84819465,41.58089912,24.65175623,285.5561377,885.983706,88.4371059
17.29673649,82.96452457,18.84467749,385.0486683,258.668656,50.50719115
27.21240085,78.56839258,12.56445811,172.8550031,407.4524062,53.02189485
20.77261106,88.07159544,10.61721333,472.4298086,251.8751838,69.14740452
26.62476443,58.67343966,18.26635687,137.6315852,915.8568124,57.45172604
18.08725431,73.64383763,24.61633165,79.81805327,343.3243892,5.447663904
24.62280204,52.24263942,17.5343016,339.963743,500.2416023,56.08601251
25.65178865,41.06209428,22.63229882,432.1934293,905.2671487,64.79588509
16.03647074,56.58455598,11.58206862,478.9097867,597.5822834,64.15957778
21.73208556,39.94494092,13.13907565,395.2269547,939.5648207,72.83441591
17.68829354,88.92267737,23.12550479,139.8425052,933.8053732,51.99202771
16.26749941,35.77478947,20.13733404,489.9475332,515.4409179,90.00587978
34.79920465,65.35270341,24.62820641,463.7461442,624.1443515,46.42606134
21.4470769,67.58783132,20.49528419,123.4253402,307.2828463,51.8186473
31.19748892,62.28477257,13.97031414,301.4536221,991.4822369,78.03057563
20.0928131,69.73115314,15.6213604,299.9828417,350.4849944,83.32349757
28.63005444,36.9708465,23.01030985,249.1406502,804.9762892,64.8361467
30.2045572,63.30111145,16.03293472,492.9265986,381.6721541,12.63732127
26.91277481,47.23275427,10.10794748,76.83000673,381.7380359,33.19520942
24.43152377,86.4105638,13.71239626,332.2440088,193.476634,2.015555236
23.23681828,75.72429921,15.32631978,142.3866302,603.9062297,29.54498082
21.97736533,88.35086893,6.934396671,287.2990421,320.3491043,57.02442913
33.59058288,32.25336418,19.87525349,400.8833473,233.555282,80.52307393
31.61238816,47.10799051,7.187078667,161.0270614,304.0000251,58.56497736
34.30053821,41.7253552,13.09835427,227.0117959,325.9838414,3.989465572
17.48594447,30.66927524,21.09244883,477.8456334,553.6751105,25.91064599
29.6173495,44.53954381,14.35140723,392.666332,447.3307329,57.80616815
33.76680914,70.72655901,21.84031039,307.725433,167.9412529,70.90477216
18.62466132,43.86533533,11.83762644,149.8988245,582.4257246,86.645385
16.32992535,60.54020673,24.15272588,241.3874469,808.9727064,96.76452161
29.82241299,83.2690869,9.189368636,398.3275936,616.8116448,89.17866213
26.48946226,71.62547522,5.7652829,419.2443851,977.086227,46.73279869
31.83657554,53.67774419,22.44853086,160.0727892,189.2351873,74.69295111
17.79544753,52.34813633,20.04405432,347.9270947,839.0371031,24.05277998
30.90534624,57.34414884,9.639676741,92.75134646,555.1234029,6.383079451
19.0325464,40.62248646,24.69483214,60.44553835,569.4356598,5.506901407
18.27311886,68.04004604,15.04560259,296.9032655,567.1899412,24.13056847
18.28531596,51.84916915,24.0213088,150.9709344,392.7869451,3.754108515
31.2914944,81.14192096,15.10057543,85.51041406,392.0995128,85.02724139
28.30394441,75.3931596,14.43749174,378.4227408,668.660056,48.99207575
25.4613085,66.63078985,13.98277074,274.0885648,140.2885768,81.09000407
22.17660968,51.85213336,11.69750552,408.3246549,629.9074408,93.98982769
32.54401082,42.5959099,15.67402994,348.7749079,752.1316464,99.39078866
22.84890215,76.56911185,14.05109324,378.412223,420.6936641,93.71640095
31.33198879,59.18454594,5.734937532,188.3122616,295.6212455,71.65567972
23.78269817,43.48500229,10.20870467,168.4741216,292.0482215,44.19796518
22.53888859,41.7104769,9.262456002,320.3937014,173.655688,59.79848391
24.25359571,39.92405427,22.34871205,140.0369632,180.7473873,81.64963679
21.02755748,76.62967177,16.97739954,416.935452,250.0190814,89.75545051
29.9521876,43.73923112,20.27366201,285.314076,117.2556145,95.64684686
25.0544078,61.59853581,24.13652075,152.1454696,339.6118668,73.06056991
19.6442539,57.09278166,17.88078545,331.3257045,375.7616463,53.99535491
32.99149147,64.77665395,24.65219983,475.2660808,995.699128,96.83717098
22.67782443,82.62929402,11.23528103,86.94262697,992.5189639,95.86249618
25.87105722,82.0648434,8.725343646,99.20534329,268.3439622,47.75528376
33.12944222,57.06456431,13.06619776,429.7276161,291.7289423,64.86583905
27.48475992,30.92197504,14.4159883,99.31719856,542.7157335,80.92671479
17.33796081,55.58662834,22.90723086,67.71891621,233.9059004,43.30791067
33.79664247,66.37161225,16.19880878,206.5687615,553.6354673,82.93776267
27.55416106,63.46588555,10.84361999,260.0176482,459.4507343,11.14554725
21.69811229,69.08016635,19.85268566,306.2499965,392.1606019,48.11517209
17.78544145,39.24454395,15.11663874,278.2851047,840.3446537,48.26124989
30.88050379,68.79210593,8.242638906,460.9330532,845.30593,68.46570562
27.40145512,40.95909712,16.53639575,395.9006452,989.1005203,11.64130102
25.66922184,75.03143884,23.22789074,492.7146151,300.7793027,10.32104335
32.87785166,50.3452568,21.85245235,264.4049405,899.4497474,90.05948124
30.77194422,72.593726,16.73619945,87.94832443,584.0613367,30.37414645
18.03349759,32.87193593,12.54166348,479.9887893,632.3134882,32.69223783
21.23444136,54.47160154,6.739575021,51.85092272,906.6638929,77.68615467
19.9697828,72.30207134,14.39297847,399.2432062,948.3677167,41.49090361
29.87892585,43.61223098,20.04158875,64.07691385,754.1301319,83.29237541
15.67064869,77.71722269,12.20547439,392.5463858,413.0581887,40.14687312
26.3977937,67.84678399,9.708936511,472.0725229,540.7011907,76.05997662
30.24917371,65.25370633,23.62759439,225.1671338,653.5484776,52.53099578
32.53531274,51.21293125,21.43111401,158.434183,845.7760351,93.58281263
21.84163497,58.94708822,17.76551239,151.8256186,692.1529348,32.7388973
31.42514609,65.84095806,7.735666878,271.2729399,428.902855,36.2690595
17.21263474,58.34772683,7.898176808,126.8991661,476.0924062,96.99865162
31.92904583,71.89879944,7.064391829,352.8156338,145.3939318,73.7525098
17.54977325,56.02181599,17.32593334,215.7585609,931.8410744,77.25673386
22.94574581,42.1363909,7.311255929,195.3992716,179.307112,29.59767489
30.94590732,42.83602697,21.85254398,257.5785093,621.9377116,53.20443973
17.99834855,30.34822613,24.85930004,294.1643761,884.4866931,31.35409854
19.5850279,48.05746293,12.32696369,113.868618,478.7787246,25.98688869
29.44505137,74.93505843,14.07339694,368.4935137,820.1129388,53.52411876
29.40073073,77.64976253,19.23334354,447.326195,823.4344717,98.77606242
27.82295266,42.14805253,23.74306013,175.0941123,153.8614347,21.46226472
28.87896889,87.54263981,22.88187547,131.1759058,470.9293532,24.25198591
25.85448887,60.14416761,6.151836575,392.2274407,721.922938,24.31289883
20.03598118,85.01872494,8.381436051,132.5937757,480.1181582,79.17022616
21.91391987,72.40591691,20.09194397,68.56482216,590.6505234,51.04820611
18.63195434,73.34600538,18.77786216,328.6594492,635.0121141,38.47676567
33.16901123,35.10261728,7.664371881,157.8881373,236.1064391,84.37898344
26.6678359,43.19946761,15.04129164,127.314684,470.7830855,29.74906384
23.01702834,30.52889,20.61629262,491.7212338,125.6168995,39.22178987
24.24011607,72.96765843,9.375613645,181.3392425,234.6634749,7.362055929
33.94566679,50.66629731,22.42575271,456.5494806,561.028657,11.89101019
18.06702806,77.19915096,6.059435496,130.1984446,616.2273981,13.67310667
26.72459664,50.3361732,20.6439017,418.5397094,231.6109659,34.69752384
25.11777358,79.16002514,17.316378,275.9084929,780.0573432,52.40852605
27.22908471,37.84189522,11.30398693,85.3676461,435.6890991,0.07443148891
15.36220368,40.40238941,19.41865097,380.1223821,928.5849359,18.99323115
32.44247818,50.45259238,20.6473159,451.4330173,448.896451,17.56500202
33.64236565,54.50924333,23.67797943,123.3576457,234.8298788,25.33468488
26.30266367,50.92216865,12.35549344,376.5156091,782.1734128,16.60809261
28.93301648,75.81882195,18.72033472,250.2736336,611.0207204,19.51281812
33.44998762,35.81708356,17.05232554,389.241704,448.0193514,98.3880361
29.14477269,51.07302118,15.50412139,371.2675767,420.3614471,59.47302592
18.05078086,80.23439997,22.80832948,61.97010371,235.6920762,76.26931649
26.5257672,34.00782464,5.063346283,130.4244662,406.7511647,81.93433771
27.13430093,86.54061046,10.64223212,261.9622593,126.4097269,66.76805974
23.48261343,89.17901054,15.76554479,470.1173774,552.1617227,70.408027
29.72888471,35.31409043,8.565865233,203.9330555,907.0513676,63.22834445
33.6873403,47.47635134,23.15733067,332.9930616,815.7977166,64.9373478
33.51137026,52.34403996,17.95190235,55.43768548,125.6690775,92.84496292
24.01678743,76.58348212,14.55765989,370.0071147,893.1342936,18.57384739
17.26476092,65.75560873,21.29403518,321.3807182,507.092346,27.47300358
34.69682398,68.66194203,14.01772383,371.927636,271.8023189,9.325854882
31.77796173,75.45058937,16.17306024,457.0972759,777.1707597,83.7324463
17.49325362,37.07873997,5.055019911,115.9245199,390.5861952,44.87553236
33.41683765,79.99256741,12.3140106,167.7153182,327.9865808,90.71045605
32.39792724,72.33718825,7.775809447,498.1014015,245.1865661,41.16757132
25.37676114,64.64050351,18.79377361,120.3277813,537.9597162,44.26141581
26.82550871,83.38412009,14.58053918,374.2821529,184.0545996,44.83565013
22.98005408,72.01838123,11.03515115,376.2841597,807.0518162,61.24930922
16.09523278,42.10199776,14.35664679,357.3471858,523.607119,76.6124117
21.70394483,55.78472286,9.192597759,152.3482652,502.2787751,35.12922761
31.05706897,59.64257202,23.50173265,146.8103284,101.6685608,63.01654534
15.09264046,33.31305761,6.079452651,349.8534806,836.0774743,20.39674368
21.66998343,87.2782508,22.30834071,133.812583,543.5533531,55.40471045
22.96337387,37.71463565,15.22717577,347.7034993,495.9050678,54.65848998
25.74791206,71.84767603,17.37892992,271.6377269,785.2463968,88.87158656
33.39711233,60.37386217,11.05211242,223.9829904,156.6086942,89.58452238
21.92691989,31.53793499,24.33395234,185.1045572,430.0124105,48.72111583
21.93906404,85.48484855,10.63701917,476.40962,618.1605618,2.459946578
29.75002496,81.11020853,16.77755994,278.642146,514.5198065,84.46219506
24.04435882,61.45547567,24.8683341,302.5633831,263.4750009,0.06224705652
19.49209646,43.73654017,22.62188793,477.1652381,369.3488569,47.82536355
24.04879032,37.29737344,15.72659651,344.2447931,370.1805019,1.979015763
17.81714041,51.80354877,24.80749046,481.0338175,992.7737225,35.25912944
18.52773973,45.32569686,19.02739723,97.86503324,393.5774069,63.67646861
24.96735545,60.40147206,9.174008323,430.9878343,284.6638563,37.12009031
23.37850899,87.98455777,13.11192421,200.9365826,840.3734378,92.68913586
33.29691802,64.49720959,11.68986668,414.7193863,479.0541295,64.07636334
22.24787798,83.39586335,11.88027417,435.0364809,499.477325,64.64438726
26.61176701,69.05273025,20.20912879,172.1695488,594.0001571,37.4437046
27.64528576,58.5147916,16.68525855,233.9737774,636.1202775,3.85435243
15.26188913,81.27645376,5.761854232,376.7064594,631.5000404,73.81797235
28.27074744,58.28208661,22.54896967,94.5750339,131.0497502,71.62447305
18.56071934,82.11769023,10.93592281,389.9900905,836.9581896,53.0125027
34.22140635,47.49460617,24.94149754,99.71281672,275.3675372,41.62680393
17.97325456,37.72878443,24.08381461,461.5050795,363.107915,53.831705
23.29248247,81.31886786,23.81061433,174.352682,256.086568,74.68154042
16.70699336,65.24490983,21.22255208,309.0197061,790.3689918,71.27854308
34.93748504,83.34554389,9.412266634,102.719075,625.2921934,65.81096623
25.04390021,86.26963242,15.65265488,171.2719196,779.7665375,90.37772674
26.90770035,33.21770342,9.486052536,231.7797696,688.0585649,60.98883773
16.34152955,60.05815811,10.19350911,269.1719945,193.742771,1.450964755
29.99920941,52.49787294,17.21903539,50.03037394,371.3497983,61.80638356
19.19811186,67.55150382,5.816670907,449.8950931,556.5386436,61.25592457
32.96108579,77.61547183,24.38917134,53.4536643,374.4505283,6.963616351
19.10279281,46.83541296,23.37346345,398.1580533,286.573514,42.77297543
18.81375441,63.40790306,12.61535144,261.7605106,882.8307722,65.1096262
15.73099336,72.52371479,15.30844896,285.7460112,773.0053077,70.45012317
24.4413389,38.06586497,14.32238839,143.7194657,410.6980545,89.30496252
26.29682267,78.84401436,22.64399557,323.3157577,788.5111264,84.13809807
16.31417279,66.36657599,18.77203753,291.7543591,664.7847566,11.65518093
30.51055233,86.97224623,10.56222495,123.906383,103.4071603,60.87844266
24.06577669,50.37173515,13.93682509,157.1535506,442.2358234,59.64814112
25.48780539,36.48875654,13.57931951,80.10663306,361.4387493,30.37479177
23.81525494,60.39007206,24.18670337,79.82760744,296.1177595,18.41057061
23.01526122,35.1486463,8.50621821,56.19910368,326.4304547,19.9508659
26.19280663,88.1715914,6.791526746,149.2134465,948.1283619,17.7547769
18.10480492,32.3210975,22.61237664,355.8475523,537.6853612,80.62636724
18.63856261,75.21023407,22.93371979,192.2969247,862.9378464,14.83930507
32.23571242,61.50614389,22.43478176,204.2304214,292.7954369,26.43919773
33.92230924,52.11723915,15.21953831,109.357427,256.9634197,21.77884045
22.46618633,33.95052987,18.19488857,308.9618004,899.9106295,71.28568324
20.41489346,67.33001545,16.26726095,203.9646387,546.1342172,15.83958944
27.87999086,65.11321976,6.388956521,354.3425615,905.6369128,2.406495261
23.17468342,46.85299638,16.91669794,383.656761,156.7259676,37.42254219
15.50772711,84.61330208,5.272282945,313.1117939,924.79197,30.50942612
18.12305195,48.24660044,11.49974819,174.2312916,473.9007847,39.7704705
29.31944458,56.98352464,23.64585152,278.8735097,239.8334387,75.38157391
28.17847884,62.62574736,11.08090539,163.3688621,715.0444205,1.23669089
15.54191985,36.01391269,23.79653285,456.3107759,817.212415,3.770760174
19.43944324,85.92970315,10.00267914,394.8735875,142.6372548,25.56446319
19.62149593,52.47216915,11.29124481,271.8526577,988.476377,88.92084863
28.43785487,34.84675283,17.56814993,484.4557144,727.3241986,16.90745006
15.39421076,53.23747042,20.23253946,296.039951,389.2617925,99.70379568
17.08217164,66.01215283,15.02775536,197.8409646,236.1644161,80.56925661
30.99832171,60.81916031,22.64231374,92.96028536,453.2782732,45.61365531
18.57089324,71.67251844,5.804808432,294.6855402,298.5090945,74.78622452
28.05492216,33.32903652,23.44389677,437.1874752,544.7379012,51.88151249
19.76365562,47.07243662,8.926155998,440.0234277,803.7034376,56.59922646
16.98882786,79.15383461,22.6847749,322.05518,694.1173501,58.07717419
19.86344382,34.79362127,13.01726359,227.0472635,492.3414143,64.87205129
29.44533864,81.32915728,21.65514112,342.6333386,207.0495321,6.076419003
32.11392936,35.51376552,18.433311,392.9631596,961.4412301,61.64981049
31.60439729,80.06725289,8.51883265,235.231153,343.3334729,71.69485819
22.94367059,51.64730406,23.3609514,264.3143761,350.0510913,31.0723135
28.36170273,66.7325438,9.91034781,356.2773383,680.9519997,97.85788305
19.09968591,39.17322694,9.882802374,444.4936727,793.4586599,14.4445086
20.86295461,33.9701233,21.28357793,405.9546702,985.7374888,91.04425225
32.92671637,42.95629224,7.117465111,60.07611619,972.2478346,67.64494079
15.26003847,37.67122907,9.440718127,105.9675547,922.3844718,66.43144782
16.71017062,48.74435386,15.07355147,433.7501811,491.7822106,87.60226599
19.1577251,60.86299479,21.60954057,425.2202726,250.0026938,83.17292113
15.53064408,65.32556781,7.949679495,224.9630524,626.024083,34.54344323
18.6287087,77.39208644,15.95336469,312.9250651,115.530855,70.53698023
26.66083122,69.37439359,19.22481184,457.6302421,276.6239551,5.060258269
23.42849101,66.52549951,22.21190449,460.2014065,102.2764571,46.40184322
32.85343422,54.70692165,23.7113112,402.3917806,262.4823213,93.77772607
31.34887123,58.4285061,20.69279829,144.3150223,527.2814111,27.40894478
21.83634703,54.87124976,18.05656796,378.6272633,453.99188,4.997078907
20.18846867,80.5299618,13.67240171,95.49429456,432.3669084,58.29449919
22.59384816,43.80002715,7.242203084,452.2723068,847.8575775,35.50997631
26.80589885,30.34325589,19.19474385,117.1169616,707.4966742,37.96834701
20.36127282,69.07919383,24.85474609,348.0568881,942.7885866,58.24571871
27.48297816,42.14773102,19.73521189,324.6094734,500.8069816,62.15890593
23.18823304,83.40690818,5.334221875,399.6048451,345.0067079,43.73219656
26.04094362,81.54277978,14.92519956,298.2098761,210.4160842,50.75492422
23.72253058,34.60364232,17.29293265,76.80495892,704.8246561,99.32557567
20.88931519,36.38330432,18.79348402,367.6308143,857.5669796,95.7147958
33.96906614,59.71029553,19.39451671,222.4195515,265.3654278,70.7317072
30.27211588,66.55335977,16.16216882,194.1282505,890.8774701,16.14795269
17.80226352,46.49450025,9.467206655,496.2530973,573.6485815,35.9960084
32.36935952,73.007863,23.84401323,315.6798947,229.6725689,88.30882241
24.74862396,65.69496126,18.93332935,369.823583,678.5769924,42.35659162
32.89104454,49.48944658,9.736800737,286.8467616,568.0474674,95.53676494
30.99710512,31.52228928,11.44643665,396.4876907,125.3651926,48.83017833
23.50427009,75.00901688,23.43855341,388.432731,459.3188843,86.17691342
15.44938617,42.88521995,22.74970373,345.7157521,806.3091936,3.537889953
20.37354719,80.06842461,13.10292877,498.9843776,599.8813781,43.41636948
25.83268429,55.2174156,5.76614444,256.9070903,353.8370136,70.02618507
27.6695644,64.62464656,5.969947378,367.7865567,935.777587,86.35645323
20.15775371,82.37692382,10.67836582,409.0000833,314.0011342,60.96328928
17.78712148,81.81738006,17.58244439,219.2156193,327.4624062,17.32620259
31.69860474,52.29117451,16.68389271,255.7287624,419.1754117,88.57941652
34.68804361,42.53333356,17.67655574,486.1252699,905.0840751,57.48131627
25.51380365,76.50876466,19.34565944,64.53095771,556.8628559,10.80181818
18.43358572,55.98481222,5.380645072,200.8830443,713.9611533,46.38467774
20.44614653,41.52251961,7.101711903,268.7958331,978.6377553,69.89433935
15.36781353,84.26552054,12.18966904,50.65924688,804.9666672,45.10157463
33.28597613,41.88625165,8.09719995,454.6071955,255.3401068,87.07901073
17.35502166,31.54843009,6.506400851,178.8099801,809.5185361,42.36943146
26.53032951,31.21679843,17.81928792,165.9671744,773.5034343,58.34526895
20.48110441,67.33892139,21.30672955,419.1467879,309.355295,21.1170436
26.08356005,69.70050364,20.05253315,175.0924528,392.8148478,51.268635
28.02840777,48.6625023,21.34079557,345.9301673,739.1154159,22.28573099
31.59483607,49.20065935,18.31713088,419.6764148,314.5537847,22.51871479
19.12842544,50.3696349,19.70690644,406.6145815,287.3681821,27.99025422
15.21991657,70.80951281,10.43557548,401.8778318,733.1254949,4.419926745
17.7377126,33.48802746,24.86016073,89.88690644,892.5359435,16.33096417
33.00037284,85.74698116,8.66331309,85.93113541,167.5150144,42.43606253
32.47780155,43.35126265,9.289877488,188.0465161,501.3169617,13.10604987
26.94826204,89.98039231,10.77843664,66.17654654,646.4576983,13.33847505
27.01033721,40.29136163,24.5066486,275.1933814,708.6491072,96.79318284
28.30073349,76.29278744,24.76577179,227.6519298,996.5763211,42.70973632
18.50742557,43.4047527,20.89787499,300.6616606,714.4227643,40.37326996
33.28823892,34.8508081,17.58115197,184.4548424,658.1387017,26.77356548
23.3754105,82.49599946,15.4012515,268.5893013,990.7607371,51.24471591
22.66277056,81.52507555,24.41241691,200.6351446,154.6013263,59.60649017
25.37835411,54.21422355,18.91245606,137.8436415,166.9932065,41.8185522
15.93931934,72.14376855,23.89460257,342.2150065,604.6142738,39.38085165
18.32566738,63.42395596,11.33101599,353.0461557,422.7981529,70.04266836
29.76067233,81.17736682,11.67549585,423.1542617,187.0277624,94.97767009
16.65597336,48.90335816,22.09449188,443.6383024,375.8040065,87.7822071
27.06304219,61.420344,7.997098412,367.007857,706.9190387,11.86202669
19.90698219,59.12234227,23.91855723,359.374139,892.5534673,65.23086704
22.78591228,51.23434958,15.14948709,75.5040494,184.892029,0.7047612501
20.77387474,83.48730387,23.52827757,99.40065866,586.1305562,63.30917774
22.11345433,39.95267548,11.73585577,415.6532197,366.5040083,46.43535889
29.3809181,38.97051837,19.31917808,154.8280677,700.593547,49.11130523
20.94243431,64.61457212,14.65750244,210.0042771,594.506345,58.80256079
26.32809281,69.4496538,17.5360726,115.3838092,934.0399054,74.26553813
24.52100804,41.67715526,15.08744986,137.8183859,133.9154983,72.94578026
28.27342331,53.44304654,24.34231235,398.9377559,523.0335474,4.447903155
33.73659479,86.79383058,18.84210796,167.8368288,273.4835998,73.64943863
29.65144194,44.79704536,10.02637937,252.0657348,583.1035378,82.98159807
19.29880757,70.10164213,23.19353844,118.2521179,868.2214097,6.817262444
15.6236627,74.40896362,10.88059476,355.0684578,920.184875,32.29466007
20.24528089,56.88772197,12.43210199,377.7213804,458.4084969,79.20640768
26.90155861,86.25155921,7.04247396,212.7615431,830.6024709,49.31068157
16.02851627,74.19940411,22.9993304,403.1359908,352.4572673,69.48910688
24.92732494,57.47547479,10.72224046,157.9579934,105.6744517,50.23158076
26.93685698,64.16011211,10.17835236,361.3567379,869.7151518,97.82224498
21.68487782,71.55680661,23.40525196,378.4840616,207.4710182,93.61930729
30.41824407,65.53141083,21.11053725,485.89582,115.850011,28.11452419
17.13196506,82.72185503,7.82157843,154.5447493,418.417897,38.58848217
16.50275563,51.41331974,20.38649008,92.16971602,441.4419907,43.13459978
29.56377512,47.9931444,23.26066196,168.36594,169.4981537,10.42043329
24.90982632,42.83033337,6.570224364,105.2879885,832.7643818,40.40749469
28.76804793,32.26697808,21.5042999,126.3624388,465.0334572,77.48478212
23.69654677,32.58083786,15.94840104,200.3515303,540.9312524,84.68962814
19.92804066,82.20331159,18.38394899,236.295836,338.1627412,88.61327504
31.38204635,70.70358878,14.85708678,456.6759016,560.3560771,1.455900017
30.98831758,69.63194493,18.9560617,138.0270972,790.0582516,78.88060387
28.89392942,66.87856914,5.681957233,487.2915392,915.564444,50.26276845
20.44290274,80.95314868,20.25413446,414.5689445,973.4766407,20.61591448
26.80461334,58.81601554,5.666873957,446.6621255,484.0515321,49.87450225
22.21947794,82.22464971,14.10599695,468.2497954,991.0304729,84.42604667
16.83164147,51.56670157,8.019299863,388.9585387,365.4601406,43.42493678
33.34627151,85.60245026,21.47148555,404.9509242,106.2783418,99.04610806
17.73637262,71.9194188,11.27321818,247.0182335,790.8553395,61.66831847
34.00474708,45.43062816,14.08187089,279.7026056,260.5920837,48.97636691
23.92011546,63.8450953,13.57501483,469.618442,147.2093543,29.48893279
18.70265858,61.98183369,20.45003931,220.2151602,931.6080303,1.105106264
25.83801895,38.2739293,14.6228872,68.87618288,812.6297474,61.05483567
32.45891672,65.47457435,20.7791667,393.2394735,192.3983214,57.74955464
29.64449773,48.88713742,6.470165536,307.9208803,799.2191371,51.68143552
31.13122296,33.14092601,8.831879358,416.6941831,859.5997277,53.7704454
28.17566733,86.91936946,16.03068499,83.99806997,914.7714987,84.35223711
28.84553129,68.48942214,23.9417665,329.5543957,589.3246607,31.68699246
31.98391303,82.61513591,6.495156934,161.4676496,733.0708635,55.0253944
19.99336018,70.5633603,5.861684323,456.4708675,786.0153511,67.99476259
24.78849927,51.41902153,8.131013499,99.45947288,719.7750416,20.98189269
19.42418884,60.76128434,17.82306258,429.3811727,682.1502583,92.4819415
34.75336016,70.54480562,12.97985833,89.84941339,592.8033275,73.71225248
33.88118679,87.61513951,21.51104759,61.29380997,531.2759088,5.329540016
15.78853623,45.22016755,6.43866303,155.7767435,996.5125176,86.51066979
29.11150345,82.49862352,8.928281736,199.8700434,403.8047024,92.98701454
33.50496635,85.44466832,11.00052811,331.9379473,179.4418934,79.36700482
18.6115069,70.22493088,17.53460173,109.2760688,788.5332685,42.62246017
26.35890461,85.87599764,18.70345381,246.7984701,292.4419401,99.43768997
33.30976595,53.87271525,7.484065879,141.9186209,579.4240237,12.44358994
15.67891957,87.18097056,23.87609418,434.8864947,186.2213649,53.66058414
28.94840534,72.16697263,11.8208827,70.23492858,657.3554747,17.03908041
20.94698015,32.52034605,19.26337526,210.171977,949.6066635,43.93488028
33.48792391,84.41236991,15.48415438,334.118336,750.4342413,92.74243066
34.4211649,59.06836854,9.455162271,460.8896801,293.0813004,79.42611284
33.88532978,57.61961909,21.92456646,440.5970402,974.0242408,78.20819415
24.48428433,63.98799636,21.36476056,452.8363998,376.3782379,35.3853801
32.24085302,38.96307281,12.92143708,78.28398216,492.9534878,93.42701774
31.89098797,58.14996291,16.77215171,428.4154677,548.3053183,36.82609307
21.38200946,79.867633,10.15651392,400.9606603,991.646869,3.997343572
31.57830948,30.92894755,18.79703257,456.0942422,162.0022606,63.78012625
15.74015269,46.37502962,11.18053625,190.2093203,727.055465,36.26476165
26.92539757,30.14727519,21.88157469,460.2942978,425.7377881,15.37248882
19.60017675,54.94267855,9.347702086,231.1884883,170.4927872,93.46580621
17.41133772,73.69893063,5.296068456,335.3448585,941.5284919,63.7239534
16.53906403,77.92630975,10.37016084,240.880546,630.8724872,94.05296895
28.92577552,86.71138567,8.821049729,242.4417937,778.1662068,58.29786823
21.79749928,66.51027678,15.16572879,295.9866585,316.346892,6.386365963
29.49533543,45.277612,9.074065833,210.1670193,785.3868304,2.994051371
16.30712682,85.44887695,20.26379741,406.7316474,845.627896,90.0561435
21.30580676,76.51894523,9.82741276,335.1374309,487.7464575,3.872793688
25.78982585,64.46570898,19.1393636,360.3900927,614.7608255,61.51757972
30.8144633,71.73841294,16.56941846,153.9656601,974.6852814,29.79758074
21.37505006,85.4589813,24.72499713,486.3088798,862.0566775,68.76581391
27.51782753,72.74364171,24.99801954,347.079244,500.365055,28.47224287
32.71955496,52.10247046,22.39052167,138.738139,698.1164729,3.722217045
27.31726376,72.78169214,20.19966739,387.7206096,805.8083291,73.08384728
19.6591895,32.41668976,12.72912828,128.1713464,121.8959385,31.09026303
15.48801563,53.18493371,20.06553454,78.52320333,629.529388,55.07989273
32.40197748,54.37938191,24.13351074,287.3990283,986.0757521,77.38658199
15.42538822,40.01029407,5.467551508,299.0857794,952.4625848,70.28233018
32.49403345,31.38512883,15.758294,135.0345086,849.1963553,34.85711052
25.57874268,38.0028742,9.359966088,206.7705249,195.5926838,74.78266592
33.78135397,69.27728975,16.15752632,475.5961831,994.6373073,92.5681007
30.97566472,78.13732898,14.3289418,178.2514544,648.5843378,60.99745925
34.95868221,89.29220956,16.51537163,120.0056273,300.6174245,70.35060606
22.01423631,50.78181019,16.01924443,496.6528814,706.8418207,86.59081397
30.34376578,65.96275334,24.20214078,186.0374914,870.8712059,84.36406163
23.03861827,86.22869801,16.04372218,356.1141529,201.0949848,35.16013275
24.59751241,40.02250688,21.92464176,154.2020816,924.794329,99.17005968
27.55010926,73.05873518,11.39640574,297.5545386,928.1838533,2.856600005
32.47354228,75.29872399,13.76201378,223.826894,112.1179656,98.67075718
34.68166938,35.33853215,14.40826952,482.7106675,910.2872095,24.59971334
30.36546828,81.67496311,10.57456087,244.7626435,952.1361264,44.04370505
23.35533564,78.78630283,12.59580523,312.8783829,133.9226173,88.36887378
23.42714005,32.00418039,16.97026159,475.1448197,364.7496912,24.43288385
29.75164603,35.46506489,16.60375527,495.155435,435.7967561,22.47816351
19.77554292,32.94761363,17.72870689,95.7462638,414.0014249,64.31087622
17.20948226,50.08461191,12.03635831,425.4443204,783.1029135,70.54505256
22.09244315,60.55733944,11.3166299,221.9524224,422.2940133,0.7470684201
20.74477983,61.94086368,17.23235766,317.6729178,960.9209289,45.0444236
20.92616241,46.06000559,7.657234969,218.7716355,995.4933628,48.91089779
19.67215502,84.69581319,10.06063087,230.5022925,385.1369836,27.18351997
15.84186379,52.09576739,5.842554739,121.4858912,557.9206779,54.61097146
15.35747869,32.73300936,6.452217052,307.7449063,601.9352563,15.45776057
34.75444779,48.01362669,9.867665585,296.0221757,621.462547,32.36058019
23.55546267,61.86656535,5.390585606,135.2101048,436.7880948,71.32392336
22.68653294,54.49330936,9.908211842,293.7786932,249.3941518,87.37865379
28.59294565,46.43055115,18.09952646,487.8958472,149.1044876,58.93789617
19.36507776,37.87939499,6.222141569,371.4838681,195.7137991,7.484453934
33.99922368,79.14987001,13.73473356,266.4421518,911.1621138,67.87458698
30.72690029,89.76871453,23.26217574,462.2377935,352.337506,89.75978209
16.78822005,49.77252801,20.82569658,308.8914604,169.1406849,50.4314043
23.35161552,52.89726265,11.10875005,110.7715994,661.1767296,49.36919661
32.58236615,67.08225148,23.49610958,296.3793415,167.7764361,99.14135795
33.89464045,73.10648848,11.59292993,131.4379019,163.0476457,63.62977875
24.34803022,53.52177209,6.450309927,395.3771774,659.4134553,80.60289017
27.26822778,84.29577102,24.88111914,485.2283964,632.2557198,64.64934853
18.34067892,63.60023935,22.40045054,212.368363,137.3295583,22.09156866
34.82337252,57.02340458,14.31865567,245.7130461,514.430051,28.4078184
19.63343403,68.80036519,18.32753048,239.6734101,492.1914771,66.57057587
33.85463548,87.16823089,18.42456156,178.3849891,592.0202167,45.60711301
27.99293298,77.67313767,8.889644615,407.3809842,764.0602394,40.43477902
27.1547359,32.40078783,9.000972663,327.9777497,354.5200428,2.245195338
25.25377022,49.93859464,14.39161407,78.82320059,489.5022552,88.43690674
19.61339623,58.2326811,23.2314628,427.4628508,813.4684159,88.44977898
18.53056064,48.87105433,5.199875497,134.189704,930.3007514,46.09711247
19.40972418,72.01125365,20.65011272,490.6180228,902.1906757,70.07392086
18.72876524,79.57614899,6.150535674,219.4984126,529.8678569,17.78193537
30.59168947,73.88070571,14.5644423,327.4023412,568.7792173,50.38110246
22.00250518,89.35999721,17.75745666,85.0206285,576.1948979,43.88656419
16.15685353,46.35285887,18.73518534,205.0984736,881.8440127,65.66135708
34.3820526,82.4993697,6.169585272,411.0592808,855.9455562,46.96459011
32.6757177,75.99735991,13.37207235,264.7438214,380.3792757,49.84342827
33.55504566,51.73072545,16.67674521,457.0715676,246.5647205,29.5712457
34.89815645,74.04747262,6.320910746,308.8122985,441.0771053,4.84231683
18.47790498,36.24455739,7.701891132,467.8574879,359.5657449,91.7025759
22.92484038,77.36000894,18.27297979,492.1744582,955.7026523,1.223162351
30.16476951,61.93983616,15.43276393,254.2525518,339.3241115,28.13244286
28.92041236,47.53741036,8.236573225,304.3204577,263.0860136,44.76107822
18.07791813,69.34663811,15.70478674,425.7142895,909.5311563,31.90923543
31.3166625,68.49719992,23.25384747,149.6898525,177.8307439,55.19178701
19.48881144,42.56917336,5.311751696,437.7333082,334.2394463,46.16130152
19.4763523,31.82384489,17.85267547,316.3640632,495.2000746,25.54762359
25.73948846,56.01735521,6.473008692,376.4750609,635.5966403,8.802013091
26.8587987,64.17071216,5.128988859,85.9343102,394.9056067,13.75352706
26.60172416,82.5963167,8.013089773,394.7844576,546.6105972,48.63200693
16.82973675,85.69300774,13.45813264,189.8541071,278.9480678,84.5945534
32.54921725,61.72831309,21.04687998,412.3545246,616.8467082,10.06388919
20.31200085,75.22820903,10.63570993,279.1186422,467.0351275,67.72063852
17.59029843,56.35819634,17.51346425,173.5764507,864.3337185,79.20911458
32.7749616,74.76492939,13.22313276,478.7418637,474.16072,27.67722783
34.11302996,42.2880915,9.686635839,394.278079,499.4338761,66.82394929
32.24255235,52.26388409,15.28494229,493.5587332,632.9574904,68.66579447
31.19032149,68.05367993,20.94928981,214.0114543,210.8530037,70.7792731
28.10483961,31.08947794,21.6498474,342.1488351,241.115659,89.08090916
26.01714741,73.34767862,21.93039064,325.214905,811.2139725,39.85260645
16.7397352,80.13213008,11.77115625,359.4005335,346.0769012,24.36891377
23.16906426,53.94849967,20.86912129,67.24245472,716.227236,54.38448679
22.45377034,56.87654503,9.243569102,181.2736957,187.684273,6.254837324
20.19507568,81.07693273,19.76850202,459.2019082,839.6619943,33.39209302
29.46840227,76.53927812,23.96768853,240.7190247,989.4052998,88.32251267
24.9175147,47.28896934,5.274876694,482.2896556,436.3218507,53.20575602
16.62092432,49.43856639,13.80727862,146.0764277,554.9770917,43.66753042
19.40366404,70.73269394,17.95541977,498.8407881,498.4407819,26.56839107
28.66517527,63.79188555,19.03551541,363.911409,904.7689738,25.03756847
16.52261719,39.73377427,8.521755165,399.3770408,108.9406339,23.66120214
32.02413828,48.59579455,24.4436655,228.5875275,688.113389,82.92336681
24.90293054,83.99899661,17.30530736,458.1536546,687.1314455,98.50203722
24.61173155,71.2904662,8.286812025,295.4583054,444.1465075,53.47984333
26.84815569,89.15845906,5.410450234,356.4222711,297.4002779,7.983341717
31.49361932,76.0207518,20.66528398,92.6637221,315.7144133,75.10390459
21.95618416,86.51846593,6.594094789,334.2563154,820.4177091,87.70544234
28.56032305,42.97131443,7.821018421,445.5855447,159.4927867,93.1228171
26.31463928,76.28909249,16.49660054,130.2274527,607.4417316,62.8775346
20.3405654,31.21305121,17.07011007,381.9766706,376.1565427,50.68808333
32.57259973,70.2456013,18.73774237,61.43034155,338.7230312,62.05273145
30.94852043,58.15693669,12.87028025,466.7913575,555.163899,1.295071761
28.16903669,50.80560432,20.47797338,492.3127022,908.0753557,65.54198753
32.01163458,81.74426114,24.48717199,209.3810301,656.2827271,70.96463933
32.34588402,81.25606156,10.42189886,98.18323237,809.749565,72.20303476
29.16725953,31.33810229,19.06057233,346.3593657,640.6154013,56.30717809
31.74026657,66.57030735,23.56937305,63.42553137,727.9442019,70.00443713
28.94942923,52.06993346,18.72573525,267.1188266,489.1668839,63.88323907
28.60281544,54.93966009,18.62218997,172.3006288,933.3834717,11.55284198
27.37222756,79.92244435,9.475451382,263.0025743,551.7451184,89.83667694
30.05433279,48.59038629,15.70260401,58.22398163,596.5972023,62.27275077
18.17210211,86.58292864,16.25045687,73.22548238,572.4689529,72.77943705
32.61741518,40.77802958,19.00259125,57.18912298,384.5701181,34.28875199
32.43687055,69.7633454,24.936429,328.6093415,308.114592,91.92395162
15.58494566,70.32630402,5.672876451,302.041813,166.4514677,50.26157662
31.51633501,45.13170969,6.304653225,154.9210993,746.3574838,67.90059917
17.57739735,49.48503654,6.559001389,340.989408,360.3477369,95.21820606
21.70237709,80.08790955,19.85958269,447.8932656,450.2781669,91.60827449
29.87016513,75.7083153,7.727075902,174.7949455,927.9353465,64.47987707
18.21519792,49.74575282,17.44903749,424.3972135,609.8026145,16.57413915
31.35934048,62.03739282,11.49337756,348.1291112,187.3702575,95.0568431
31.64268356,33.70081778,14.14639912,65.21919943,819.6507215,98.41356973
25.14935468,42.52475294,9.313263196,218.8174531,330.5175392,10.33966954
15.12771743,59.14923353,22.32213123,278.4907471,597.4352584,45.02976821
20.74076266,35.15842412,16.72300648,379.2646355,558.9833274,54.82555638
27.33853837,80.59994129,23.89126527,179.2087512,314.2709581,9.208154047
34.62372356,73.08037261,16.49192499,492.2285472,204.1939313,18.96799495
27.63627054,86.61802024,7.478160612,358.0428832,290.1354458,53.77053911
20.19607162,71.60801436,8.417408677,217.7661547,187.6040196,96.30894479
27.68011406,86.42408234,24.78147953,93.66126758,348.0652171,2.780997593
25.79970759,63.27075334,19.51130395,131.6154921,997.5677597,91.24430742
30.5969079,66.01311666,5.985575001,269.423492,461.8830387,89.860817
17.13961278,88.61826328,19.0756201,272.6129097,877.4995522,85.71786352
30.22055805,68.52774881,13.24346094,395.4734442,594.2599229,37.75509287
25.82533157,31.84719413,11.14416774,376.7794815,699.9247714,49.08235372
34.25984008,73.4281666,8.081215875,140.5728673,240.7131728,40.35946393
21.83744332,84.32812153,21.79807909,317.7304793,347.3252807,94.75861864
27.65243786,77.73481499,6.27682758,59.27981033,559.3990807,52.13506198
33.64056211,65.02999636,10.79670925,229.3463297,893.0290908,8.061260867
17.05019456,70.27821079,11.12765788,393.8473583,138.5992323,27.40598443
33.74456974,89.41150736,8.218105679,229.778867,556.2279636,46.20332129
28.75771445,35.43972531,15.16369767,426.0183079,145.9109913,95.35559323
16.35674118,70.03468972,5.234052536,489.2698806,511.1404088,56.89510906
21.01927134,47.00386167,11.01951031,323.2456712,665.9813434,69.60726232
29.16344177,68.4054238,23.67258888,115.2518344,770.2508723,8.851984733
16.34701203,66.45741455,11.21059139,220.8547436,224.6788047,87.73240459
26.6434092,39.20740993,12.20918774,54.26750978,249.9177551,53.9018222
21.91766114,42.40479874,14.46330096,321.2266657,523.0584295,92.12284125
27.41831036,67.29777468,16.2338675,419.7058254,998.2328122,44.54766854
15.91484068,37.69379684,21.1741729,333.4730355,420.4421521,68.30839969
32.43073612,45.91085251,8.806424463,403.7388031,484.7746846,47.08385937
34.46977938,80.11473286,22.43492754,409.9567673,489.2020685,14.25579295
34.37755711,49.62549036,20.15098714,432.9556593,172.6307392,27.2049978
29.99303663,59.28360938,19.45300669,169.9987023,796.7549308,6.725729444
17.6017248,86.46842011,6.736091474,442.0708353,327.791372,44.02663429
30.16526392,43.62894533,5.432813799,344.3422993,733.3003512,64.93415435
15.49173833,53.37756104,16.88025402,180.3765005,527.580891,24.37112758
15.44247103,66.38746653,22.26267925,494.2826217,650.601768,49.03880582
21.47220438,75.32033577,16.68882928,477.5820772,148.5744728,45.89733342
24.77286381,84.0992032,9.264697309,308.4984424,900.969116,53.34204909
30.40814836,84.92837925,6.810397959,429.4437703,319.4710925,18.4584667
28.66590753,76.59840446,18.99192906,167.6725199,703.0858488,53.39840884
23.91805413,43.6998502,19.43540555,237.2166485,818.2172009,36.42055568
20.47253333,31.4885598,8.450634014,132.7872923,586.0348456,28.6041849
34.94249,53.02643582,5.56380631,284.0461892,403.6006199,58.5982014
23.52362604,38.49293106,13.16567026,273.2006435,980.113037,14.80368035
24.02774049,72.62325885,16.65437404,145.7659517,350.5957419,90.06586506
18.27247642,69.66783521,19.12004819,352.7607622,953.7961034,93.4852813
30.89619097,32.6382985,21.19890018,103.005633,240.6017203,66.06096898
28.87364452,80.19562675,17.21074855,77.76115298,450.2999184,30.31546896
19.41539226,44.92459598,7.217612172,223.2072359,224.6460257,62.600587
16.64762091,55.93362453,18.65163344,234.42115,102.0164258,60.15234665
28.60998604,70.07602413,24.68353286,193.8832729,334.2326864,39.12509816
28.09022429,55.76512721,23.11169169,166.0759869,178.4893608,28.72472474